,Unnamed: 0_x,Facility NPI,total count,readmit count,percent_readmits,pcp visit count,percent_pcps,facility provider,address_x,npi_number,Unnamed: 0_y,npi_type,organization,name,taxonomy_1,taxonomy_2,taxonomy_3,taxonomy_4,taxonomy raw,address_y,city,state,zip
0,0,1902803315,1201,83.0,6.910907577019152,436.0,36.30308076602831,RONALD REAGAN UCLA MEDICAL CENTER,757 WESTWOOD PLZ LOS ANGELES CA 900958358,1902803315,1906.0,NPI-2,REGENTS UNIV OF CALIF LOS ANGELES,REGENTS UNIV OF CALIF LOS ANGELES,General Acute Care Hospital,na,na,na,"[{'code': '282N00000X', 'desc': 'General Acute Care Hospital', 'primary': True, 'state': 'CA', 'license': '930000165'}]",757 WESTWOOD PLZ,LOS ANGELES,CA,900958358.0
1,1,1184722779,1195,93.0,7.782426778242677,371.0,31.04602510460251,"UNIVERSITY OF CALIFORNIA SAN DIEGO, MEDICAL CENTER",200 WEST ARBOR DRIVE SAN DIEGO CA 921038937,1184722779,1911.0,NPI-2,UCSD MEDICAL CENTER,UCSD MEDICAL CENTER,General Acute Care Hospital,na,na,na,"[{'code': '282N00000X', 'desc': 'General Acute Care Hospital', 'primary': True, 'state': 'CA', 'license': '090000101'}]",200 WEST ARBOR DRIVE,SAN DIEGO,CA,921038937.0
2,2,1427055839,885,83.0,9.378531073446329,329.0,37.175141242937855,SANTA MONICAUCLAMC AND ORTHOPEDIC HOSPITAL,1250 16TH ST SANTA MONICA CA 904041249,1427055839,1907.0,NPI-2,REGENTS OF THE UNIV OF CALIFORNIA,REGENTS OF THE UNIV OF CALIFORNIA,General Acute Care Hospital,na,na,na,"[{'code': '282N00000X', 'desc': 'General Acute Care Hospital', 'primary': True, 'state': 'CA', 'license': '930000146'}]",1250 16TH ST,SANTA MONICA,CA,904041249.0
3,3,1689772592,678,60.0,8.849557522123893,246.0,36.283185840707965,UCSF MEDICAL CENTER,505 PARNASSUS AVE SAN FRANCISCO CA 941430296,1689772592,1917.0,NPI-2,"UNIVERSITY OF CALIFORNIA, SAN FRANCISCO","UNIVERSITY OF CALIFORNIA, SAN FRANCISCO",General Acute Care Hospital,na,na,na,"[{'code': '282N00000X', 'desc': 'General Acute Care Hospital', 'primary': True, 'state': 'CA', 'license': '220000091'}]",505 PARNASSUS AVE,SAN FRANCISCO,CA,941430296.0
4,4,1033298617,448,33.0,7.366071428571429,11.0,2.455357142857143,UCSF DERMATOLOGY,400 PARNASSUS AVE SAN FRANCISCO CA 941432202,1033298617,1919.0,NPI-2,UNIVERSITY OF CALIFORNIA SAN FRANCISCO MEDICAL CENTER,UNIVERSITY OF CALIFORNIA SAN FRANCISCO MEDICAL CENTER,Dermatology,Dermatology Dermatopathology,Dermatology Pediatric Dermatology,na,"[{'code': '207N00000X', 'desc': 'Dermatology', 'primary': False, 'state': 'CA', 'license': '', 'taxonomy_group': '193200000X MULTI-SPECIALTY GROUP'}, {'code': '207ND0900X', 'desc': 'Dermatology Dermatopathology', 'primary': False, 'state': 'CA', 'license': '', 'taxonomy_group': '193200000X MULTI-SPECIALTY GROUP'}, {'code': '207NP0225X', 'desc': 'Dermatology Pediatric Dermatology', 'primary': False, 'state': 'CA', 'license': '', 'taxonomy_group': '193200000X MULTI-SPECIALTY GROUP'}]",400 PARNASSUS AVE,SAN FRANCISCO,CA,941432202.0
5,5,1710918545,436,32.0,7.339449541284404,140.0,32.11009174311927,UNIVERSITY OF CALIFORNIA DAVIS MEDICAL CENTER,2315 STOCKTON BLVD SACRAMENTO CA 958172201,1710918545,1912.0,NPI-2,REGENTS OF THE UNIVERSITY OF CALIFORNIA,REGENTS OF THE UNIVERSITY OF CALIFORNIA,General Acute Care Hospital,na,na,na,"[{'code': '282N00000X', 'desc': 'General Acute Care Hospital', 'primary': True, 'state': 'CA', 'license': '030000086'}]",2315 STOCKTON BLVD,SACRAMENTO,CA,958172201.0
6,6,1689608150,339,28.0,8.259587020648967,114.0,33.6283185840708,UCI MEDICAL CENTER,101 THE CITY DR S ORANGE CA 92868,1689608150,1914.0,NPI-2,UNIVERSITY OF CALIFORNIA IRVINE,UNIVERSITY OF CALIFORNIA IRVINE,General Acute Care Hospital,na,na,na,"[{'code': '282N00000X', 'desc': 'General Acute Care Hospital', 'primary': True, 'state': 'CA', 'license': ''}]",101 THE CITY DR S,ORANGE,CA,92868.0
7,7,1710065933,109,6.0,5.504587155963304,38.0,34.86238532110092,CHILDREN'S HOSPITAL - SAN DIEGO,3020 CHILDRENS WAY SAN DIEGO CA 921234223,1710065933,1924.0,NPI-2,RADY CHILDREN'S HOSPITAL - SAN DIEGO,RADY CHILDREN'S HOSPITAL - SAN DIEGO,Clinic/Center,Clinic/Center End-Stage Renal Disease (ESRD) Treatment,Clinic/Center Hearing and Speech,Clinic/Center Adolescent and Children Mental Health,"[{'code': '261Q00000X', 'desc': 'Clinic/Center', 'primary': False, 'state': '', 'license': ''}, {'code': '261QE0700X', 'desc': 'Clinic/Center End-Stage Renal Disease (ESRD) Treatment', 'primary': False, 'state': 'CA', 'license': '080000028'}, {'code': '261QH0700X', 'desc': 'Clinic/Center Hearing and Speech', 'primary': False, 'state': '', 'license': ''}, {'code': '261QM0855X', 'desc': 'Clinic/Center Adolescent and Children Mental Health', 'primary': False, 'state': '', 'license': ''}, {'code': '261QP2000X', 'desc': 'Clinic/Center Physical Therapy', 'primary': False, 'state': '', 'license': ''}, {'code': '261QR0400X', 'desc': 'Clinic/Center Rehabilitation', 'primary': False, 'state': '', 'license': ''}, {'code': '282NC2000X', 'desc': 'General Acute Care Hospital Children', 'primary': False, 'state': 'CA', 'license': '080000028'}, {'code': '405300000X', 'desc': 'Prevention Professional', 'primary': False, 'state': '', 'license': '', 'taxonomy_group': '193200000X MULTI-SPECIALTY GROUP'}, {'code': '261QD1600X', 'desc': 'Clinic/Center Developmental Disabilities', 'primary': True, 'state': '', 'license': ''}]",3020 CHILDRENS WAY,SAN DIEGO,CA,921234223.0
8,8,1992818256,87,8.0,9.195402298850574,,,UCSF MEDICAL CENTER ADULT CHRONIC DIALYSIS,1675 SCOTT ST SAN FRANCISCO CA 941430001,1992818256,1908.0,NPI-2,UNIVERSITY OF CALIFORNIA SAN FRANCISCO,UNIVERSITY OF CALIFORNIA SAN FRANCISCO,Clinic/Center End-Stage Renal Disease (ESRD) Treatment,na,na,na,"[{'code': '261QE0700X', 'desc': 'Clinic/Center End-Stage Renal Disease (ESRD) Treatment', 'primary': True, 'state': 'CA', 'license': '220000091'}]",1675 SCOTT ST,SAN FRANCISCO,CA,941430001.0
9,9,0000000000,87,11.0,12.643678160919542,26.0,29.88505747126437,unavailable,,0000000000,,,,,,,,,,,,,
10,10,1154428688,27,4.0,14.814814814814811,2.0,7.4074074074074066,unavailable,,1154428688,1926.0,NPI-2,SETON MEDICAL CENTER,SETON MEDICAL CENTER,General Acute Care Hospital,na,na,na,"[{'code': '282N00000X', 'desc': 'General Acute Care Hospital', 'primary': True, 'state': 'CA', 'license': '220000026'}]",1900 SULLIVAN AVE,DALY CITY,CA,940152200.0
11,11,1902844988,26,1.0,3.8461538461538463,4.0,15.384615384615383,PROVIDENCE LITTLE COMPANY OF MARY MEDICAL CENTER TORRANCE,4101 TORRANCE BLVD TORRANCE CA 905034607,1902844988,1923.0,NPI-2,PROVIDENCE HEALTH SYSTEM - SOUTHERN CALIFORNIA,PROVIDENCE HEALTH SYSTEM - SOUTHERN CALIFORNIA,General Acute Care Hospital,na,na,na,"[{'code': '282N00000X', 'desc': 'General Acute Care Hospital', 'primary': True, 'state': 'CA', 'license': '========='}]",4101 TORRANCE BLVD,TORRANCE,CA,905034607.0
12,12,1811080526,21,2.0,9.523809523809524,6.0,28.57142857142857,unavailable,,1811080526,1957.0,NPI-2,CHILDREN'S HOSPITAL OF ORANGE COUNTY,CHILDREN'S HOSPITAL OF ORANGE COUNTY,General Acute Care Hospital Children,na,na,na,"[{'code': '282NC2000X', 'desc': 'General Acute Care Hospital Children', 'primary': True, 'state': '', 'license': ''}]",455 S MAIN ST,ORANGE,CA,928683835.0
13,13,1639172372,20,1.0,5.0,5.0,25.0,unavailable,,1639172372,1944.0,NPI-2,CEDARS-SINAI MEDICAL CENTER,CEDARS-SINAI MEDICAL CENTER,General Acute Care Hospital,na,na,na,"[{'code': '282N00000X', 'desc': 'General Acute Care Hospital', 'primary': True, 'state': 'CA', 'license': '930000110'}]",8700 BEVERLY BLVD,LOS ANGELES,CA,90048.0
14,14,1174667158,19,,,,,ST. MARY'S MEDICAL CENTER,450 STANYAN ST SAN FRANCISCO CA 941171079,1174667158,1942.0,NPI-2,DIGNITY HEALTH,DIGNITY HEALTH,General Acute Care Hospital,na,na,na,"[{'code': '282N00000X', 'desc': 'General Acute Care Hospital', 'primary': True, 'state': 'CA', 'license': '220000071'}]",450 STANYAN ST,SAN FRANCISCO,CA,941171079.0
15,15,1780668434,17,,,2.0,11.76470588235294,HENRY MAYO NEWHALL HOSPITAL,23845 MCBEAN PKWY VALENCIA CA 913552001,1780668434,1949.0,NPI-2,HENRY MAYO NEWHALL MEMORIAL HOSPITAL,HENRY MAYO NEWHALL MEMORIAL HOSPITAL,General Acute Care Hospital,na,na,na,"[{'code': '282N00000X', 'desc': 'General Acute Care Hospital', 'primary': True, 'state': '', 'license': ''}]",23845 MCBEAN PKWY,VALENCIA,CA,913552001.0
16,16,1467459776,16,1.0,6.25,2.0,12.5,unavailable,,1467459776,1986.0,NPI-2,TORRANCE MEMORIAL MEDICAL CENTER,TORRANCE MEMORIAL MEDICAL CENTER,General Acute Care Hospital,na,na,na,"[{'code': '282N00000X', 'desc': 'General Acute Care Hospital', 'primary': True, 'state': 'CA', 'license': '930000076'}]",3330 LOMITA BLVD,TORRANCE,CA,905055002.0
17,17,1306890389,16,1.0,6.25,3.0,18.75,LOS ROBLES HOSPITAL & MEDICAL CENTER,215 W JANSS RD THOUSAND OAKS CA 913601847,1306890389,1905.0,NPI-2,LOS ROBLES REGIONAL MEDICAL CENTER,LOS ROBLES REGIONAL MEDICAL CENTER,General Acute Care Hospital,na,na,na,"[{'code': '282N00000X', 'desc': 'General Acute Care Hospital', 'primary': True, 'state': '', 'license': ''}]",215 W JANSS RD,THOUSAND OAKS,CA,913601847.0
18,18,1124026273,16,1.0,6.25,7.0,43.75,unavailable,,1124026273,1956.0,NPI-2,PROVIDENCE SAINT JOHN'S HEALTH CENTER,PROVIDENCE SAINT JOHN'S HEALTH CENTER,General Acute Care Hospital,na,na,na,"[{'code': '282N00000X', 'desc': 'General Acute Care Hospital', 'primary': True, 'state': 'CA', 'license': '930000158'}]",2121 SANTA MONICA BLVD,SANTA MONICA,CA,904042303.0
19,19,1740348929,12,2.0,16.666666666666664,4.0,33.33333333333333,CALIFORNIA PACIFIC MEDICAL CENTER,1101 VAN NESS AVE SAN FRANCISCO CA 941096919,1740348929,1947.0,NPI-2,SUTTER BAY HOSPITALS,SUTTER BAY HOSPITALS,General Acute Care Hospital,General Acute Care Hospital,na,na,"[{'code': '282N00000X', 'desc': 'General Acute Care Hospital', 'primary': False, 'state': 'CA', 'license': ''}, {'code': '282N00000X', 'desc': 'General Acute Care Hospital', 'primary': True, 'state': 'CA', 'license': '220000197'}]",1101 VAN NESS AVE,SAN FRANCISCO,CA,941096919.0
20,20,1023065729,12,1.0,8.333333333333332,4.0,33.33333333333333,WEST HILLS HOSPITAL & MEDICAL CENTER,7300 MEDICAL CENTER DR WEST HILLS CA 913071902,1023065729,1984.0,NPI-2,WEST HILLS HOSPITAL,WEST HILLS HOSPITAL,General Acute Care Hospital,na,na,na,"[{'code': '282N00000X', 'desc': 'General Acute Care Hospital', 'primary': True, 'state': '', 'license': ''}]",7300 MEDICAL CENTER DR,WEST HILLS,CA,913071902.0
21,21,1265814065,11,1.0,9.090909090909092,4.0,36.36363636363637,unavailable,,1265814065,1974.0,NPI-2,"CALIFORNIA REHABILITATION INSTITUTE, LLC","CALIFORNIA REHABILITATION INSTITUTE, LLC",Rehabilitation Hospital,na,na,na,"[{'code': '283X00000X', 'desc': 'Rehabilitation Hospital', 'primary': True, 'state': '', 'license': ''}]",2070 CENTURY PARK E,LOS ANGELES,CA,900671907.0
22,22,1841277704,11,3.0,27.27272727272727,4.0,36.36363636363637,SCRIPPS MEMORIAL HOSPITAL LA JOLLA,9888 GENESEE AVE LA JOLLA CA 920371200,1841277704,1948.0,NPI-2,SCRIPPS HEALTH,SCRIPPS HEALTH,General Acute Care Hospital,na,na,na,"[{'code': '282N00000X', 'desc': 'General Acute Care Hospital', 'primary': True, 'state': '', 'license': ''}]",9888 GENESEE AVE,LA JOLLA,CA,920371200.0
23,23,1043502750,11,2.0,18.181818181818183,,,unavailable,,1043502750,1933.0,NPI-2,CPMC,CPMC,General Acute Care Hospital,na,na,na,"[{'code': '282N00000X', 'desc': 'General Acute Care Hospital', 'primary': True, 'state': '', 'license': ''}]",2333 BUCHANAN ST,SAN FRANCISCO,CA,941151925.0
24,24,1770532608,11,2.0,18.181818181818183,3.0,27.27272727272727,SUTTER DAVIS HOSPITAL,2000 SUTTER PLACE DAVIS CA 956166201,1770532608,1943.0,NPI-2,SUTTER VALLEY HOSPITALS,SUTTER VALLEY HOSPITALS,General Acute Care Hospital,na,na,na,"[{'code': '282N00000X', 'desc': 'General Acute Care Hospital', 'primary': True, 'state': 'CA', 'license': '030000124'}]",2000 SUTTER PLACE,DAVIS,CA,956166201.0
25,25,1407828429,10,1.0,10.0,2.0,20.0,HUNTINGTON MEMORIAL HOSPITAL,100 W CALIFORNIA BLVD PASADENA CA 911053010,1407828429,2015.0,NPI-2,"PASADENA HOSPITAL ASSOCIATION, LTD","PASADENA HOSPITAL ASSOCIATION, LTD",General Acute Care Hospital,na,na,na,"[{'code': '282N00000X', 'desc': 'General Acute Care Hospital', 'primary': True, 'state': 'CA', 'license': '930000372'}]",100 W CALIFORNIA BLVD,PASADENA,CA,911053010.0
26,26,1336328244,10,3.0,30.0,4.0,40.0,CENTINELA HOSPITAL MEDICAL CENTER,555 E HARDY ST INGLEWOOD CA 903014011,1336328244,1953.0,NPI-2,"PRIME HEALTHCARE CENTINELA, LLC","PRIME HEALTHCARE CENTINELA, LLC",Pediatrics Neonatal-Perinatal Medicine,General Acute Care Hospital,na,na,"[{'code': '2080N0001X', 'desc': 'Pediatrics Neonatal-Perinatal Medicine', 'primary': False, 'state': '', 'license': '', 'taxonomy_group': '193200000X MULTI-SPECIALTY GROUP'}, {'code': '282N00000X', 'desc': 'General Acute Care Hospital', 'primary': True, 'state': 'CA', 'license': '930000027'}]",555 E HARDY ST,INGLEWOOD,CA,903014011.0
27,27,1164609962,10,1.0,10.0,3.0,30.0,ZUCKERBERG SAN FRANCISCO GENERAL HOSPITAL AND TRAUMA CENTER - ACUTE,1001 POTRERO AVE SAN FRANCISCO CA 941103518,1164609962,1988.0,NPI-2,CITY & COUNTY OF SAN FRANCISCO,CITY & COUNTY OF SAN FRANCISCO,General Acute Care Hospital,na,na,na,"[{'code': '282N00000X', 'desc': 'General Acute Care Hospital', 'primary': True, 'state': 'CA', 'license': '220000063'}]",1001 POTRERO AVE,SAN FRANCISCO,CA,941103518.0
28,28,1124073366,10,1.0,10.0,3.0,30.0,unavailable,,1124073366,1913.0,NPI-2,CHILDRENS HOSPITAL OF LOS ANGELES,CHILDRENS HOSPITAL OF LOS ANGELES,General Acute Care Hospital Children,na,na,na,"[{'code': '282NC2000X', 'desc': 'General Acute Care Hospital Children', 'primary': True, 'state': 'CA', 'license': '930000032'}]",4650 W SUNSET BLVD,LOS ANGELES,CA,900276062.0
29,29,1952546616,10,3.0,30.0,2.0,20.0,KECK HOSPITAL OF USC,1500 SAN PABLO STREET LOS ANGELES CA 900339857,1952546616,1955.0,NPI-2,UNIVERSITY OF SOUTHERN CALIFORNIA,UNIVERSITY OF SOUTHERN CALIFORNIA,General Acute Care Hospital,na,na,na,"[{'code': '282N00000X', 'desc': 'General Acute Care Hospital', 'primary': True, 'state': 'CA', 'license': '930000459'}]",1500 SAN PABLO STREET,LOS ANGELES,CA,900339857.0
30,30,1417089350,9,2.0,22.22222222222222,4.0,44.44444444444444,NORTHRIDGE HOSPITAL MEDICAL CENTER,18300 ROSCOE BLVD NORTHRIDGE CA 913254105,1417089350,1931.0,NPI-2,DIGNITY COMMUNITY CARE,DIGNITY COMMUNITY CARE,Psychiatric Unit,Rehabilitation Unit,General Acute Care Hospital,na,"[{'code': '273R00000X', 'desc': 'Psychiatric Unit', 'primary': False, 'state': 'CA', 'license': '930000114'}, {'code': '273Y00000X', 'desc': 'Rehabilitation Unit', 'primary': False, 'state': 'CA', 'license': '930000114'}, {'code': '282N00000X', 'desc': 'General Acute Care Hospital', 'primary': True, 'state': 'CA', 'license': '930000114'}]",18300 ROSCOE BLVD,NORTHRIDGE,CA,913254105.0
31,31,1518937051,9,,,2.0,22.22222222222222,PENINSULA HOSPITAL AND MILLS HOSPITAL,1501 TROUSDALE DR BURLINGAME CA 940104506,1518937051,1938.0,NPI-2,MILLS-PENINSULA HEALTH SERVICES,MILLS-PENINSULA HEALTH SERVICES,Clinical Medical Laboratory,Clinical Medical Laboratory,General Acute Care Hospital,na,"[{'code': '291U00000X', 'desc': 'Clinical Medical Laboratory', 'primary': False, 'state': '', 'license': ''}, {'code': '291U00000X', 'desc': 'Clinical Medical Laboratory', 'primary': False, 'state': 'CA', 'license': ''}, {'code': '282N00000X', 'desc': 'General Acute Care Hospital', 'primary': True, 'state': 'CA', 'license': ''}]",1501 TROUSDALE DR,BURLINGAME,CA,940104506.0
32,32,1013906221,9,1.0,11.11111111111111,2.0,22.22222222222222,ALTA BATES SUMMIT MEDICAL CENTER - ASHBY,2450 ASHBY AVE BERKELEY CA 947052067,1013906221,1960.0,NPI-2,SUTTER EAST BAY HOSPITALS,SUTTER EAST BAY HOSPITALS,Clinical Medical Laboratory,General Acute Care Hospital,na,na,"[{'code': '291U00000X', 'desc': 'Clinical Medical Laboratory', 'primary': False, 'state': 'CA', 'license': '140000004'}, {'code': '282N00000X', 'desc': 'General Acute Care Hospital', 'primary': True, 'state': 'CA', 'license': '14000004'}]",2450 ASHBY AVE,BERKELEY,CA,947052067.0
33,33,1700804200,8,,,2.0,25.0,unavailable,,1700804200,1996.0,NPI-2,REGENTS OF THE UNIVERSITY OF CALIFORNIA,REGENTS OF THE UNIVERSITY OF CALIFORNIA,Rehabilitation Unit,na,na,na,"[{'code': '273Y00000X', 'desc': 'Rehabilitation Unit', 'primary': True, 'state': 'CA', 'license': '030000086'}]",2315 STOCKTON BLVD,SACRAMENTO,CA,958172201.0
34,34,1114901352,8,,,4.0,50.0,SHARP ALLISON DEROSE REHABILITATION CENTER,2999 HEALTH CENTER DR SAN DIEGO CA 921232762,1114901352,1954.0,NPI-2,SHARP MEMORIAL HOSPITAL,SHARP MEMORIAL HOSPITAL,Rehabilitation Unit,na,na,na,"[{'code': '273Y00000X', 'desc': 'Rehabilitation Unit', 'primary': True, 'state': 'CA', 'license': '080000039'}]",2999 HEALTH CENTER DR,SAN DIEGO,CA,921232762.0
35,35,1336173269,7,,,5.0,71.42857142857143,PROVIDENCE SAINT JOSEPH MEDICAL CENTER,501 S BUENA VISTA ST BURBANK CA 915054809,1336173269,1968.0,NPI-2,PROVIDENCE HEALTH SYSTEM - SOUTHERN CALIFORNIA,PROVIDENCE HEALTH SYSTEM - SOUTHERN CALIFORNIA,General Acute Care Hospital,na,na,na,"[{'code': '282N00000X', 'desc': 'General Acute Care Hospital', 'primary': True, 'state': '', 'license': ''}]",501 S BUENA VISTA ST,BURBANK,CA,915054809.0
36,36,1053351916,7,2.0,28.57142857142857,,,TOM WADDELL CLINIC,50 LECH WALESA SAN FRANCISCO CA 94102,1053351916,2012.0,NPI-2,CITY & COUNTY OF SAN FRANCISCO,CITY & COUNTY OF SAN FRANCISCO,Clinic/Center Federally Qualified Health Center (FQHC),Clinic/Center Primary Care,na,na,"[{'code': '261QF0400X', 'desc': 'Clinic/Center Federally Qualified Health Center (FQHC)', 'primary': False, 'state': '', 'license': ''}, {'code': '261QP2300X', 'desc': 'Clinic/Center Primary Care', 'primary': True, 'state': '', 'license': ''}]",50 LECH WALESA,SAN FRANCISCO,CA,94102.0
37,37,1407839921,7,2.0,28.57142857142857,,,unavailable,,1407839921,2002.0,NPI-2,SHARP MEMORIAL HOSPITAL,SHARP MEMORIAL HOSPITAL,General Acute Care Hospital,General Acute Care Hospital Women,na,na,"[{'code': '282N00000X', 'desc': 'General Acute Care Hospital', 'primary': True, 'state': 'CA', 'license': '080000039'}, {'code': '282NW0100X', 'desc': 'General Acute Care Hospital Women', 'primary': False, 'state': '', 'license': ''}]",7901 FROST ST,SAN DIEGO,CA,921232701.0
38,38,1497702575,6,1.0,16.666666666666664,,,unavailable,,1497702575,2011.0,NPI-2,ORANGE COAST MEMORIAL MEDICAL CENTER,ORANGE COAST MEMORIAL MEDICAL CENTER,General Acute Care Hospital,na,na,na,"[{'code': '282N00000X', 'desc': 'General Acute Care Hospital', 'primary': True, 'state': 'CA', 'license': '060000066'}]",9920 TALBERT AVE,FOUNTAIN VALLEY,CA,927085153.0
39,39,1811946734,6,1.0,16.666666666666664,3.0,50.0,SUTTER HEALTH SACRAMENTO SIERRA REGION,2825 CAPITOL AVENUE SACRAMENTO CA 958165616,1811946734,2037.0,NPI-2,SUTTER VALLEY HOSPITALS,SUTTER VALLEY HOSPITALS,General Acute Care Hospital,na,na,na,"[{'code': '282N00000X', 'desc': 'General Acute Care Hospital', 'primary': True, 'state': 'CA', 'license': '030000102'}]",2825 CAPITOL AVENUE,SACRAMENTO,CA,958165616.0
40,40,1366401333,6,,,1.0,16.666666666666664,unavailable,,1366401333,1978.0,NPI-2,REGENTS UNIV OF CALIF LOS ANGELES,REGENTS UNIV OF CALIF LOS ANGELES,Rehabilitation Unit,na,na,na,"[{'code': '273Y00000X', 'desc': 'Rehabilitation Unit', 'primary': True, 'state': 'CA', 'license': '930000165'}]",757 WESTWOOD PLZ,LOS ANGELES,CA,900957400.0
41,41,1063412005,6,1.0,16.666666666666664,1.0,16.666666666666664,MEMORIAL HOSPITAL OF GARDENA,1145 W REDONDO BEACH BLVD GARDENA CA 902473528,1063412005,1921.0,NPI-2,GARDENA HOSPITAL LP,GARDENA HOSPITAL LP,Skilled Nursing Facility,General Acute Care Hospital,na,na,"[{'code': '314000000X', 'desc': 'Skilled Nursing Facility', 'primary': False, 'state': 'CA', 'license': '930000098'}, {'code': '282N00000X', 'desc': 'General Acute Care Hospital', 'primary': True, 'state': 'CA', 'license': '930000098'}]",1145 W REDONDO BEACH BLVD,GARDENA,CA,902473528.0
42,42,1659359446,6,2.0,33.33333333333333,1.0,16.666666666666664,SCRIPPS MERCY HOSPITAL,4077 5TH AVE SAN DIEGO CA 921032180,1659359446,1939.0,NPI-2,SCRIPPS HEALTH,SCRIPPS HEALTH,General Acute Care Hospital,na,na,na,"[{'code': '282N00000X', 'desc': 'General Acute Care Hospital', 'primary': True, 'state': '', 'license': ''}]",4077 5TH AVE,SAN DIEGO,CA,921032180.0
43,43,1396725677,6,,,2.0,33.33333333333333,unavailable,,1396725677,1916.0,NPI-2,MARIN GENERAL HOSPITAL,MARIN GENERAL HOSPITAL,General Acute Care Hospital,na,na,na,"[{'code': '282N00000X', 'desc': 'General Acute Care Hospital', 'primary': True, 'state': 'CA', 'license': '110000361'}]",250 BON AIR RD,GREENBRAE,CA,949041702.0
44,44,1629011945,5,1.0,20.0,,,ZUCKERBERG SAN FRANCISCO GENERAL HOSPITAL AND TRAUMA CENTER-PSYCH,1001 POTRERO AVE SAN FRANCISCO CA 941103518,1629011945,2013.0,NPI-2,CITY & COUNTY OF SAN FRANCISCO,CITY & COUNTY OF SAN FRANCISCO,Psychiatric Unit,na,na,na,"[{'code': '273R00000X', 'desc': 'Psychiatric Unit', 'primary': True, 'state': '', 'license': ''}]",1001 POTRERO AVE,SAN FRANCISCO,CA,941103518.0
45,45,1659439834,5,,,1.0,20.0,SUTTER WEST BAY HOSPITALS,601 DUBOCE AVE SAN FRANCISCO CA 941173389,1659439834,1946.0,NPI-2,SUTTER BAY HOSPITALS,SUTTER BAY HOSPITALS,General Acute Care Hospital,General Acute Care Hospital,Clinical Medical Laboratory,na,"[{'code': '282N00000X', 'desc': 'General Acute Care Hospital', 'primary': True, 'state': 'CA', 'license': '220000197'}, {'code': '282N00000X', 'desc': 'General Acute Care Hospital', 'primary': False, 'state': 'CA', 'license': ''}, {'code': '291U00000X', 'desc': 'Clinical Medical Laboratory', 'primary': False, 'state': 'CA', 'license': '05D0962082'}]",601 DUBOCE AVE,SAN FRANCISCO,CA,941173389.0
46,46,1972541498,5,1.0,20.0,1.0,20.0,MERCY SAN JUAN MEDICAL CENTER,6501 COYLE AVE CARMICHAEL CA 956080306,1972541498,2065.0,NPI-2,DIGNITY HEALTH,DIGNITY HEALTH,Clinic/Center Adult Mental Health,General Acute Care Hospital,na,na,"[{'code': '261QM0850X', 'desc': 'Clinic/Center Adult Mental Health', 'primary': False, 'state': '', 'license': ''}, {'code': '282N00000X', 'desc': 'General Acute Care Hospital', 'primary': True, 'state': 'CA', 'license': '030000063'}]",6501 COYLE AVE,CARMICHAEL,CA,956080306.0
47,47,1457321317,5,2.0,40.0,1.0,20.0,PALOMAR MEDICAL CENTER ESCONDIDO,2185 CITRACADO PKWY ESCONDIDO CA 920294159,1457321317,1992.0,NPI-2,PALOMAR HEALTH,PALOMAR HEALTH,Clinic/Center,Psychiatric Unit,Rehabilitation Unit,General Acute Care Hospital,"[{'code': '261Q00000X', 'desc': 'Clinic/Center', 'primary': False, 'state': '', 'license': ''}, {'code': '273R00000X', 'desc': 'Psychiatric Unit', 'primary': False, 'state': '', 'license': ''}, {'code': '273Y00000X', 'desc': 'Rehabilitation Unit', 'primary': False, 'state': 'CA', 'license': ''}, {'code': '282N00000X', 'desc': 'General Acute Care Hospital', 'primary': True, 'state': 'CA', 'license': '080000083'}, {'code': '282N00000X', 'desc': 'General Acute Care Hospital', 'primary': False, 'state': '', 'license': ''}]",2185 CITRACADO PKWY,ESCONDIDO,CA,920294159.0
48,48,1518951300,5,2.0,40.0,2.0,40.0,unavailable,,1518951300,2016.0,NPI-2,HOAG MEMORIAL HOSPITAL PRESBYTERIAN,HOAG MEMORIAL HOSPITAL PRESBYTERIAN,General Acute Care Hospital,na,na,na,"[{'code': '282N00000X', 'desc': 'General Acute Care Hospital', 'primary': True, 'state': 'CA', 'license': '060000122'}]",ONE HOAG DRIVE,NEWPORT BEACH,CA,92663.0
49,49,1639172133,4,1.0,25.0,,,unavailable,,1639172133,2029.0,NPI-2,"VIBRA HOSPITAL OF SAN DIEGO, LLC","VIBRA HOSPITAL OF SAN DIEGO, LLC",Long Term Care Hospital,na,na,na,"[{'code': '282E00000X', 'desc': 'Long Term Care Hospital', 'primary': True, 'state': 'CA', 'license': '090000404'}]",555 WASHINGTON ST,SAN DIEGO,CA,921032289.0
50,50,1720088354,4,,,1.0,25.0,unavailable,,1720088354,2039.0,NPI-2,RIDEOUT MEMORIAL HOSPITAL,RIDEOUT MEMORIAL HOSPITAL,General Acute Care Hospital,na,na,na,"[{'code': '282N00000X', 'desc': 'General Acute Care Hospital', 'primary': True, 'state': 'CA', 'license': '230000126'}]",726 4TH ST,MARYSVILLE,CA,959015656.0
51,51,1104906569,4,,,,,COMMUNITY REGIONAL MEDICAL CENTER,2823 FRESNO ST FRESNO CA 937211324,1104906569,1994.0,NPI-2,FRESNO COMMUNITY HOSPITAL AND MEDICAL CENTER,FRESNO COMMUNITY HOSPITAL AND MEDICAL CENTER,General Acute Care Hospital,na,na,na,"[{'code': '282N00000X', 'desc': 'General Acute Care Hospital', 'primary': True, 'state': 'CA', 'license': '040000096'}]",2823 FRESNO ST,FRESNO,CA,937211324.0
52,52,1942269725,4,2.0,50.0,2.0,50.0,MARINA DEL REY HOSPITAL,4650 LINCOLN BLVD MARINA DEL REY CA 902926306,1942269725,1983.0,NPI-2,CFHS HOLDINGS INC,CFHS HOLDINGS INC,General Acute Care Hospital,na,na,na,"[{'code': '282N00000X', 'desc': 'General Acute Care Hospital', 'primary': True, 'state': 'CA', 'license': '930000096'}]",4650 LINCOLN BLVD,MARINA DEL REY,CA,902926306.0
53,53,1124098421,4,1.0,25.0,1.0,25.0,unavailable,,1124098421,1927.0,NPI-2,RENOWN REGIONAL MEDICAL CENTER,RENOWN REGIONAL MEDICAL CENTER,General Acute Care Hospital,na,na,na,"[{'code': '282N00000X', 'desc': 'General Acute Care Hospital', 'primary': True, 'state': 'NV', 'license': '669HOS-13'}]",1155 MILL STREET,RENO,NV,895021474.0
54,54,1831188275,4,,,1.0,25.0,ADVENTIST HEALTH GLENDALE,1509 WILSON TER GLENDALE CA 912064007,1831188275,1987.0,NPI-2,GLENDALE ADVENTIST MEDICAL CENTER,GLENDALE ADVENTIST MEDICAL CENTER,General Acute Care Hospital,na,na,na,"[{'code': '282N00000X', 'desc': 'General Acute Care Hospital', 'primary': True, 'state': 'CA', 'license': '930000059'}]",1509 WILSON TER,GLENDALE,CA,912064007.0
55,55,1477587632,4,,,1.0,25.0,PROVIDENCE HOLY CROSS MEDICAL CENTER,15031 RINALDI ST MISSION HILLS CA 91345,1477587632,1934.0,NPI-2,PROVIDENCE HEALTH SYSTEM - SOUTHERN CALIFORNIA,PROVIDENCE HEALTH SYSTEM - SOUTHERN CALIFORNIA,General Acute Care Hospital,na,na,na,"[{'code': '282N00000X', 'desc': 'General Acute Care Hospital', 'primary': True, 'state': '', 'license': ''}]",15031 RINALDI ST,MISSION HILLS,CA,91345.0
56,56,1043215379,4,1.0,25.0,1.0,25.0,PIH HEALTH HOSPITAL WHITTIER,12401 WASHINGTON BLVD WHITTIER CA 906021006,1043215379,1991.0,NPI-2,PIH HEALTH WHITTIER HOSPITAL,PIH HEALTH WHITTIER HOSPITAL,General Acute Care Hospital,na,na,na,"[{'code': '282N00000X', 'desc': 'General Acute Care Hospital', 'primary': True, 'state': 'CA', 'license': '930000129'}]",12401 WASHINGTON BLVD,WHITTIER,CA,906021006.0
57,57,1730238007,4,1.0,25.0,3.0,75.0,CALIFORNIA PACIFIC MEDICAL CENTER - MISSION BERNAL CAMPUS,3555 CESAR CHAVEZ SAN FRANCISCO CA 941104403,1730238007,1950.0,NPI-2,SUTTER BAY HOSPITALS,SUTTER BAY HOSPITALS,General Acute Care Hospital,General Acute Care Hospital,Long Term Care Hospital,Long Term Care Hospital,"[{'code': '282N00000X', 'desc': 'General Acute Care Hospital', 'primary': True, 'state': 'CA', 'license': '220000070'}, {'code': '282N00000X', 'desc': 'General Acute Care Hospital', 'primary': False, 'state': 'CA', 'license': ''}, {'code': '282E00000X', 'desc': 'Long Term Care Hospital', 'primary': False, 'state': 'CA', 'license': ''}, {'code': '282E00000X', 'desc': 'Long Term Care Hospital', 'primary': False, 'state': 'CA', 'license': '220000070'}]",3555 CESAR CHAVEZ,SAN FRANCISCO,CA,941104403.0
58,58,1821002007,4,,,1.0,25.0,FOUNTAIN VALLEY REGIONAL HOSPITAL,17100 EUCLID ST FOUNTAIN VALLEY CA 927084004,1821002007,2005.0,NPI-2,FOUNTAIN VALLEY REGIONAL HOSPITAL & MEDICAL CENTER,FOUNTAIN VALLEY REGIONAL HOSPITAL & MEDICAL CENTER,General Acute Care Hospital,na,na,na,"[{'code': '282N00000X', 'desc': 'General Acute Care Hospital', 'primary': True, 'state': 'CA', 'license': '06000109'}]",17100 EUCLID ST,FOUNTAIN VALLEY,CA,927084004.0
59,59,1245371343,3,,,1.0,33.33333333333333,OLYMPIA MEDICAL CENTER,5900 W OLYMPIC BLVD LOS ANGELES CA 900364671,1245371343,2047.0,NPI-2,OLYMPIA HEALTH CARE LLC,OLYMPIA HEALTH CARE LLC,General Acute Care Hospital,na,na,na,"[{'code': '282N00000X', 'desc': 'General Acute Care Hospital', 'primary': True, 'state': 'CA', 'license': '93000105'}]",5900 W OLYMPIC BLVD,LOS ANGELES,CA,900364671.0
60,60,1780708362,3,1.0,33.33333333333333,,,unavailable,,1780708362,1982.0,NPI-2,SAINT FRANCIS MEMORIAL HOSPITAL,SAINT FRANCIS MEMORIAL HOSPITAL,Psychiatric Unit,na,na,na,"[{'code': '273R00000X', 'desc': 'Psychiatric Unit', 'primary': True, 'state': 'CA', 'license': '220000069'}]",900 HYDE ST,SAN FRANCISCO,CA,941094806.0
61,61,1578529285,3,1.0,33.33333333333333,1.0,33.33333333333333,unavailable,,1578529285,2035.0,NPI-2,VALLEY PRESBYTERIAN HOSPITAL,VALLEY PRESBYTERIAN HOSPITAL,Rehabilitation Unit,General Acute Care Hospital,na,na,"[{'code': '273Y00000X', 'desc': 'Rehabilitation Unit', 'primary': False, 'state': 'CA', 'license': '930000170'}, {'code': '282N00000X', 'desc': 'General Acute Care Hospital', 'primary': True, 'state': '', 'license': ''}]",15107 VANOWEN ST,VAN NUYS,CA,914054542.0
62,62,1396728630,3,1.0,33.33333333333333,1.0,33.33333333333333,unavailable,,1396728630,2032.0,NPI-2,SHARP CHULA VISTA MEDICAL CENTER,SHARP CHULA VISTA MEDICAL CENTER,General Acute Care Hospital,na,na,na,"[{'code': '282N00000X', 'desc': 'General Acute Care Hospital', 'primary': True, 'state': 'CA', 'license': '090000008'}]",751 MEDICAL CENTER CT,CHULA VISTA,CA,919116617.0
63,63,1356390264,3,,,,,SUTTER ROSEVILLE MEDICAL CENTER,1 MEDICAL PLAZA DR ROSEVILLE CA 956613037,1356390264,1980.0,NPI-2,SUTTER VALLEY HOSPITALS,SUTTER VALLEY HOSPITALS,General Acute Care Hospital,na,na,na,"[{'code': '282N00000X', 'desc': 'General Acute Care Hospital', 'primary': True, 'state': 'CA', 'license': '030000083'}]",1 MEDICAL PLAZA DR,ROSEVILLE,CA,956613037.0
64,64,1962442012,3,,,1.0,33.33333333333333,unavailable,,1962442012,2060.0,NPI-2,LONG BEACH MEMORIAL MEDICAL,LONG BEACH MEMORIAL MEDICAL,General Acute Care Hospital,na,na,na,"[{'code': '282N00000X', 'desc': 'General Acute Care Hospital', 'primary': True, 'state': 'CA', 'license': '93000102'}]",2801 ATLANTIC AVE,LONG BEACH,CA,90806.0
65,65,1821147786,3,,,,,DBA NORTHBAY MEDICAL CENTER,4500 BUSINESS CENTER DR FAIRFIELD CA 945346888,1821147786,1989.0,NPI-2,NORTHBAY HEALTHCARE GROUP,NORTHBAY HEALTHCARE GROUP,General Acute Care Hospital,na,na,na,"[{'code': '282N00000X', 'desc': 'General Acute Care Hospital', 'primary': True, 'state': 'CA', 'license': '110000093'}]",4500 BUSINESS CENTER DR,FAIRFIELD,CA,945346888.0
66,66,1316061997,3,,,,,unavailable,,1316061997,2048.0,NPI-2,SAINT FRANCIS MEMORIAL HOSPITAL,SAINT FRANCIS MEMORIAL HOSPITAL,General Acute Care Hospital,na,na,na,"[{'code': '282N00000X', 'desc': 'General Acute Care Hospital', 'primary': True, 'state': 'CA', 'license': '220000069'}]",900 HYDE ST,SAN FRANCISCO,CA,941094806.0
67,67,1245221050,3,,,,,SOUTHWEST HEALTHCARE SYSTEM RANCHO SPRINGS CAMPUS,25500 MEDICAL CENTER DR MURRIETA CA 925625965,1245221050,2038.0,NPI-2,UNIVERSAL HEALTH SERVICES OF RANCHO SPRINGS INC,UNIVERSAL HEALTH SERVICES OF RANCHO SPRINGS INC,General Acute Care Hospital,na,na,na,"[{'code': '282N00000X', 'desc': 'General Acute Care Hospital', 'primary': True, 'state': 'CA', 'license': '250000262'}]",25500 MEDICAL CENTER DR,MURRIETA,CA,925625965.0
68,68,1467442749,3,,,,,unavailable,,1467442749,2040.0,NPI-2,LUCILE SALTER PACKARD CHILDREN'S HOSPITAL AT STANFORD,LUCILE SALTER PACKARD CHILDREN'S HOSPITAL AT STANFORD,General Acute Care Hospital Children,na,na,na,"[{'code': '282NC2000X', 'desc': 'General Acute Care Hospital Children', 'primary': True, 'state': '', 'license': ''}]",725 WELCH RD,PALO ALTO,CA,943041601.0
69,69,1871543215,3,,,,,STANFORD HOSPITAL AND CLINICS,300 PASTEUR DR STANFORD CA 943052200,1871543215,2056.0,NPI-2,STANFORD HEALTH CARE,STANFORD HEALTH CARE,General Acute Care Hospital,na,na,na,"[{'code': '282N00000X', 'desc': 'General Acute Care Hospital', 'primary': True, 'state': 'CA', 'license': '070000662'}]",300 PASTEUR DR,STANFORD,CA,943052200.0
70,70,EI95488125,3,,,1.0,33.33333333333333,unavailable,,EI95488125,,,,,,,,,,,,,
71,71,1740215219,3,,,,,"JOHN MUIR HEALTH, WALNUT CREEK MEDICAL CENTER",1601 YGNACIO VALLEY RD WALNUT CREEK CA 945983122,1740215219,1971.0,NPI-2,JOHN MUIR HEALTH,JOHN MUIR HEALTH,General Acute Care Hospital,na,na,na,"[{'code': '282N00000X', 'desc': 'General Acute Care Hospital', 'primary': True, 'state': 'CA', 'license': '140000265'}]",1601 YGNACIO VALLEY RD,WALNUT CREEK,CA,945983122.0
72,72,1528041811,3,1.0,33.33333333333333,1.0,33.33333333333333,SHARP GROSSMONT HOSPITAL,5555 GROSSMONT CENTER DR LA MESA CA 919423019,1528041811,1945.0,NPI-2,GROSSMONT HOSPITAL CORPORATION,GROSSMONT HOSPITAL CORPORATION,General Acute Care Hospital,na,na,na,"[{'code': '282N00000X', 'desc': 'General Acute Care Hospital', 'primary': True, 'state': 'CA', 'license': '080000006'}]",5555 GROSSMONT CENTER DR,LA MESA,CA,919423019.0
73,73,1750491247,3,2.0,66.66666666666666,1.0,33.33333333333333,SHERMAN OAKS HOSPITAL,4929 VAN NUYS BLVD. SHERMAN OAKS CA 914031702,1750491247,1993.0,NPI-2,"PRIME HEALTHCARE SERVICES - SHERMAN OAKS, LLC","PRIME HEALTHCARE SERVICES - SHERMAN OAKS, LLC",General Acute Care Hospital,na,na,na,"[{'code': '282N00000X', 'desc': 'General Acute Care Hospital', 'primary': True, 'state': 'CA', 'license': '930000149'}]",4929 VAN NUYS BLVD.,SHERMAN OAKS,CA,914031702.0
74,74,1023010113,3,1.0,33.33333333333333,,,"SOUTHERN CALIFORNIA HOSPITAL AT HOLLYWOOD, AT VAN NUYS, AT CULVER CITY",6245 DE LONGPRE AVE HOLLYWOOD CA 900288253,1023010113,1920.0,NPI-2,"SOUTHERN CALIFORNIA HEALTHCARE SYSTEM, INC","SOUTHERN CALIFORNIA HEALTHCARE SYSTEM, INC",General Acute Care Hospital,na,na,na,"[{'code': '282N00000X', 'desc': 'General Acute Care Hospital', 'primary': True, 'state': 'CA', 'license': '930000066'}]",6245 DE LONGPRE AVE,HOLLYWOOD,CA,900288253.0
75,75,1699868398,3,2.0,66.66666666666666,1.0,33.33333333333333,unavailable,,1699868398,1969.0,NPI-2,CHILDREN'S HOSPITAL AT MISSION,CHILDREN'S HOSPITAL AT MISSION,General Acute Care Hospital Children,na,na,na,"[{'code': '282NC2000X', 'desc': 'General Acute Care Hospital Children', 'primary': True, 'state': '', 'license': ''}]",455 S MAIN ST,ORANGE,CA,928683835.0
76,76,EI22222222,2,,,1.0,50.0,unavailable,,EI22222222,,,,,,,,,,,,,
77,77,1083888515,2,,,,,SACRED HEART-RIVERBEND,3333 RIVERBEND DRIVE SPRINGFIELD OR 97477,1083888515,1979.0,NPI-2,PEACEHEALTH,PEACEHEALTH,General Acute Care Hospital,na,na,na,"[{'code': '282N00000X', 'desc': 'General Acute Care Hospital', 'primary': True, 'state': '', 'license': ''}]",3333 RIVERBEND DRIVE,SPRINGFIELD,OR,97477.0
78,78,1114971660,2,1.0,50.0,,,RIVERSIDE COMMUNITY HOSPITAL,4445 MAGNOLIA AVE RIVERSIDE CA 925014135,1114971660,2081.0,NPI-2,"RIVERSIDE HEALTHCARE SYSTEM, L.P.","RIVERSIDE HEALTHCARE SYSTEM, L.P.",General Acute Care Hospital,na,na,na,"[{'code': '282N00000X', 'desc': 'General Acute Care Hospital', 'primary': True, 'state': '', 'license': ''}]",4445 MAGNOLIA AVE,RIVERSIDE,CA,925014135.0
79,79,1134564693,2,,,,,VIBRA HOSPITAL OF SACRAMENTO,330 MONTROSE DR FOLSOM CA 956302720,1134564693,1937.0,NPI-2,VIBRA HOSPITAL OF SACRAMENTO LLC,VIBRA HOSPITAL OF SACRAMENTO LLC,Long Term Care Hospital,na,na,na,"[{'code': '282E00000X', 'desc': 'Long Term Care Hospital', 'primary': True, 'state': 'CA', 'license': ''}]",330 MONTROSE DR,FOLSOM,CA,956302720.0
80,80,1720371065,2,,,2.0,100.0,COMMUNITY HOSPITAL LONG BEACH,1720 TERMINO AVE LONG BEACH CA 90804,1720371065,2085.0,NPI-2,LONG BEACH MEMORIAL MEDICAL,LONG BEACH MEMORIAL MEDICAL,General Acute Care Hospital,na,na,na,"[{'code': '282N00000X', 'desc': 'General Acute Care Hospital', 'primary': True, 'state': '', 'license': ''}]",1720 TERMINO AVE,LONG BEACH,CA,90804.0
81,81,1063495190,2,,,,,unavailable,,1063495190,1958.0,NPI-2,SIMI VALLEY HOSPITAL AND HEALTH CARE SERVICES,SIMI VALLEY HOSPITAL AND HEALTH CARE SERVICES,General Acute Care Hospital,na,na,na,"[{'code': '282N00000X', 'desc': 'General Acute Care Hospital', 'primary': True, 'state': 'CA', 'license': '050000216'}]",2975 SYCAMORE DR,SIMI VALLEY,CA,930651201.0
82,82,1083622120,2,,,1.0,50.0,unavailable,,1083622120,2084.0,NPI-2,"PRIME HEALTHCARE HUNTINGTON BEACH, LLC","PRIME HEALTHCARE HUNTINGTON BEACH, LLC",General Acute Care Hospital,na,na,na,"[{'code': '282N00000X', 'desc': 'General Acute Care Hospital', 'primary': True, 'state': '', 'license': ''}]",17772 BEACH BLVD,HUNTINGTON BEACH,CA,926476819.0
83,83,1104982917,2,,,,,unavailable,,1104982917,1925.0,NPI-2,ST LUKES ROOSEVELT HOSPITAL CENTER,ST LUKES ROOSEVELT HOSPITAL CENTER,Case Management,Psychiatric Unit,Rehabilitation Unit,"Rehabilitation, Substance Use Disorder Unit","[{'code': '251B00000X', 'desc': 'Case Management', 'primary': False, 'state': '', 'license': ''}, {'code': '273R00000X', 'desc': 'Psychiatric Unit', 'primary': False, 'state': 'NY', 'license': '7002032H'}, {'code': '273Y00000X', 'desc': 'Rehabilitation Unit', 'primary': False, 'state': 'NY', 'license': '7002032H'}, {'code': '276400000X', 'desc': 'Rehabilitation, Substance Use Disorder Unit', 'primary': False, 'state': 'NY', 'license': '7002032H'}, {'code': '341600000X', 'desc': 'Ambulance', 'primary': False, 'state': 'NY', 'license': '7002032H'}, {'code': '282N00000X', 'desc': 'General Acute Care Hospital', 'primary': True, 'state': 'NY', 'license': '7002032H'}]",1000 10TH AVE,NEW YORK,NY,10019.0
84,84,1891904942,2,,,1.0,50.0,PROVIDENCE ST. JUDE MEDICAL CENTER,2767 E IMPERIAL HWY BREA CA 928216713,1891904942,1998.0,NPI-2,ST JUDE HOSPITAL INC,ST JUDE HOSPITAL INC,General Acute Care Hospital,na,na,na,"[{'code': '282N00000X', 'desc': 'General Acute Care Hospital', 'primary': True, 'state': 'CA', 'license': '060000173'}]",2767 E IMPERIAL HWY,BREA,CA,928216713.0
85,85,1801861190,2,,,2.0,100.0,TRI-CITY MEDICAL CENTER,4002 VISTA WAY OCEANSIDE CA 920564506,1801861190,2106.0,NPI-2,TRI-CITY HOSPITAL,TRI-CITY HOSPITAL,General Acute Care Hospital,na,na,na,"[{'code': '282N00000X', 'desc': 'General Acute Care Hospital', 'primary': True, 'state': 'CA', 'license': '080000099'}]",4002 VISTA WAY,OCEANSIDE,CA,920564506.0
86,86,1003961251,2,,,,,CHILDREN'S HOSP MED CTR OF NO CALIFORNIA,747 52ND ST OAKLAND CA 946091809,1003961251,1930.0,NPI-2,CHILDREN'S HOSPITAL & RESEARCH CENTER AT OAKLAND,CHILDREN'S HOSPITAL & RESEARCH CENTER AT OAKLAND,General Acute Care Hospital,na,na,na,"[{'code': '282N00000X', 'desc': 'General Acute Care Hospital', 'primary': True, 'state': 'CA', 'license': '140000015'}]",747 52ND ST,OAKLAND,CA,946091809.0
87,87,1891938122,2,1.0,50.0,,,AHMC ANAHEIM REGIONAL MEDICAL CENTER,1111 W LA PALMA AVE ANAHEIM CA 928012804,1891938122,2006.0,NPI-2,AHMC ANAHEIM REGIONAL MEDICAL,AHMC ANAHEIM REGIONAL MEDICAL,General Acute Care Hospital,na,na,na,"[{'code': '282N00000X', 'desc': 'General Acute Care Hospital', 'primary': True, 'state': 'CA', 'license': '060000080'}]",1111 W LA PALMA AVE,ANAHEIM,CA,928012804.0
88,88,1609824010,2,,,,,unavailable,,1609824010,2049.0,NPI-2,OREGON HEALTH & SCIENCE UNIVERSITY,OREGON HEALTH & SCIENCE UNIVERSITY,General Practice,General Acute Care Hospital,na,na,"[{'code': '208D00000X', 'desc': 'General Practice', 'primary': False, 'state': '', 'license': '', 'taxonomy_group': '193200000X MULTI-SPECIALTY GROUP'}, {'code': '282N00000X', 'desc': 'General Acute Care Hospital', 'primary': True, 'state': 'OR', 'license': '141008'}]",3181 SW SAM JACKSON PARK RD,PORTLAND,OR,972393011.0
89,89,1194774299,2,1.0,50.0,1.0,50.0,SUTTER AUBURN FAITH HOSPITAL,11815 EDUCATION STREET AUBURN CA 956022410,1194774299,2025.0,NPI-2,SUTTER VALLEY HOSPITALS,SUTTER VALLEY HOSPITALS,General Acute Care Hospital,na,na,na,"[{'code': '282N00000X', 'desc': 'General Acute Care Hospital', 'primary': True, 'state': 'CA', 'license': '030000012'}]",11815 EDUCATION STREET,AUBURN,CA,956022410.0
90,90,1144389941,2,,,1.0,50.0,THE HOSPITAL COMMITTEE FOR THE VALLEY MEMORIAL,5555 W LAS POSITAS BLVD PLEASANTON CA 945884000,1144389941,2019.0,NPI-2,THE HOSPITAL COMMITTEE FOR THE LIVERMORE-PLEASANTON AREAS,THE HOSPITAL COMMITTEE FOR THE LIVERMORE-PLEASANTON AREAS,General Acute Care Hospital,na,na,na,"[{'code': '282N00000X', 'desc': 'General Acute Care Hospital', 'primary': True, 'state': 'CA', 'license': '140000114'}]",5555 W LAS POSITAS BLVD,PLEASANTON,CA,945884000.0
91,91,1952445959,2,,,,,ST. MARY'S MEDICAL CENTER,450 STANYAN ST SAN FRANCISCO CA 941171079,1952445959,1959.0,NPI-2,DIGNITY HEALTH,DIGNITY HEALTH,Rehabilitation Unit,na,na,na,"[{'code': '273Y00000X', 'desc': 'Rehabilitation Unit', 'primary': True, 'state': 'CA', 'license': '220000071'}]",450 STANYAN ST,SAN FRANCISCO,CA,941171079.0
92,92,1962568337,2,1.0,50.0,,,LAC-USC MEDICAL CENTER,1200 N STATE ST LOS ANGELES CA 900331029,1962568337,1936.0,NPI-2,COUNTY OF LOS ANGELES AUDITOR CONTROLLER,COUNTY OF LOS ANGELES AUDITOR CONTROLLER,General Acute Care Hospital,na,na,na,"[{'code': '282N00000X', 'desc': 'General Acute Care Hospital', 'primary': True, 'state': 'CA', 'license': '60000130'}]",1200 N STATE ST,LOS ANGELES,CA,900331029.0
93,93,1376513754,2,2.0,100.0,,,PALOMAR MEDICAL CENTER POWAY,15615 POMERADO ROAD POWAY CA 92064,1376513754,2073.0,NPI-2,PALOMAR HEALTH,PALOMAR HEALTH,General Acute Care Hospital,General Acute Care Hospital,na,na,"[{'code': '282N00000X', 'desc': 'General Acute Care Hospital', 'primary': True, 'state': '', 'license': ''}, {'code': '282N00000X', 'desc': 'General Acute Care Hospital', 'primary': False, 'state': 'CA', 'license': '080000127'}]",15615 POMERADO ROAD,POWAY,CA,92064.0
94,94,1700829199,2,1.0,50.0,1.0,50.0,SCRIPPS MEMORIAL HOSPITAL ENCINITAS,354 SANTA FE DR ENCINITAS CA 920245142,1700829199,1967.0,NPI-2,SCRIPPS HEALTH,SCRIPPS HEALTH,General Acute Care Hospital,na,na,na,"[{'code': '282N00000X', 'desc': 'General Acute Care Hospital', 'primary': True, 'state': 'CA', 'license': '08 0000148'}]",354 SANTA FE DR,ENCINITAS,CA,920245142.0
95,95,1508859323,2,,,,,GOOD SAMARITAN HOSPITAL,1225 WILSHIRE BLVD LOS ANGELES CA 900171901,1508859323,1975.0,NPI-2,PIH HEALTH GOOD SAMARITAN HOSPITAL,PIH HEALTH GOOD SAMARITAN HOSPITAL,General Acute Care Hospital,na,na,na,"[{'code': '282N00000X', 'desc': 'General Acute Care Hospital', 'primary': True, 'state': 'CA', 'license': '930000071'}]",1225 WILSHIRE BLVD,LOS ANGELES,CA,900171901.0
96,96,1275576381,2,,,1.0,50.0,unavailable,,1275576381,1997.0,NPI-2,SADDLEBACK MEMORIAL MEDICAL CENTER,SADDLEBACK MEMORIAL MEDICAL CENTER,General Acute Care Hospital,na,na,na,"[{'code': '282N00000X', 'desc': 'General Acute Care Hospital', 'primary': True, 'state': 'CA', 'license': '060000166'}]",24451 HEALTH CENTER DR,LAGUNA HILLS,CA,92653.0
97,97,1235253816,2,,,,,unavailable,,1235253816,1981.0,NPI-2,SAINT FRANCIS MEMORIAL HOSPITAL,SAINT FRANCIS MEMORIAL HOSPITAL,Rehabilitation Unit,na,na,na,"[{'code': '273Y00000X', 'desc': 'Rehabilitation Unit', 'primary': True, 'state': 'CA', 'license': '220000069'}]",900 HYDE ST,SAN FRANCISCO,CA,941094806.0
98,98,1497705834,2,1.0,50.0,,,SACRAMENTO VAMC,10535 HOSPITAL WAY MATHER CA 956554200,1497705834,2018.0,NPI-2,MARTINEZ VAMC,MARTINEZ VAMC,General Acute Care Hospital,na,na,na,"[{'code': '282N00000X', 'desc': 'General Acute Care Hospital', 'primary': True, 'state': '', 'license': ''}]",10535 HOSPITAL WAY,MATHER,CA,956554200.0
99,99,SY15358485,2,,,2.0,100.0,unavailable,,SY15358485,,,,,,,,,,,,,
100,100,1912914821,2,,,,,LOMA LINDA UNIVERSITY MEDICAL CENTER,11234 ANDERSON ST LOMA LINDA CA 923542804,1912914821,2061.0,NPI-2,"SEVENTH-DAY ADVENTISTS LOMA LINDA UNIVERSITY MEDICAL CENTER, INC.","SEVENTH-DAY ADVENTISTS LOMA LINDA UNIVERSITY MEDICAL CENTER, INC.",Rehabilitation Unit,General Acute Care Hospital,na,na,"[{'code': '273Y00000X', 'desc': 'Rehabilitation Unit', 'primary': False, 'state': 'CA', 'license': '240000169'}, {'code': '282N00000X', 'desc': 'General Acute Care Hospital', 'primary': True, 'state': 'CA', 'license': '240000169'}]",11234 ANDERSON ST,LOMA LINDA,CA,923542804.0
101,101,1114367497,2,1.0,50.0,,,"MARTIN LUTHER KING, JR. COMMUNITY HOSPITAL",1680 E 120TH ST LOS ANGELES CA 900593026,1114367497,2001.0,NPI-2,"MARTIN LUTHER KING, JR. - LOS ANGELES (MLK-LA) HEALTHCARE CORPORATION","MARTIN LUTHER KING, JR. - LOS ANGELES (MLK-LA) HEALTHCARE CORPORATION",General Acute Care Hospital,na,na,na,"[{'code': '282N00000X', 'desc': 'General Acute Care Hospital', 'primary': True, 'state': '', 'license': ''}]",1680 E 120TH ST,LOS ANGELES,CA,900593026.0
102,102,1821250762,2,,,1.0,50.0,PROVIDENCE CEDARS-SINAI TARZANA MEDICAL CENTER,18321 CLARK ST TARZANA CA 913563501,1821250762,1918.0,NPI-2,TARZANA MEDICAL CENTER LLC,TARZANA MEDICAL CENTER LLC,General Acute Care Hospital,na,na,na,"[{'code': '282N00000X', 'desc': 'General Acute Care Hospital', 'primary': True, 'state': '', 'license': ''}]",18321 CLARK ST,TARZANA,CA,913563501.0
103,103,1922116037,2,,,1.0,50.0,WOODLAND MEMORIAL HOSPITAL,1325 COTTONWOOD ST WOODLAND CA 956955131,1922116037,1951.0,NPI-2,DIGNITY COMMUNITY CARE,DIGNITY COMMUNITY CARE,Psychiatric Unit,General Acute Care Hospital,na,na,"[{'code': '273R00000X', 'desc': 'Psychiatric Unit', 'primary': False, 'state': 'CA', 'license': '030000115'}, {'code': '282N00000X', 'desc': 'General Acute Care Hospital', 'primary': True, 'state': 'CA', 'license': '030000115'}]",1325 COTTONWOOD ST,WOODLAND,CA,956955131.0
104,104,EI11111111,2,1.0,50.0,,,unavailable,,EI11111111,,,,,,,,,,,,,
105,105,1902964109,2,,,,,CALIFORNIA PACIFIC MEDICAL CENTER,2333 BUCHANAN STREET SAN FRANCISCO CA 94115,1902964109,1952.0,NPI-2,SUTTER WEST BAY HOSPITALS,SUTTER WEST BAY HOSPITALS,General Acute Care Hospital,na,na,na,"[{'code': '282N00000X', 'desc': 'General Acute Care Hospital', 'primary': True, 'state': 'CA', 'license': '220000197'}]",2333 BUCHANAN STREET,SAN FRANCISCO,CA,94115.0
106,106,1679816201,2,1.0,50.0,,,TEMECULA VALLEY HOSPITAL,31700 TEMECULA PKWY TEMECULA CA 925925896,1679816201,2022.0,NPI-2,TEMECULA VALLEY HOSPITAL INC,TEMECULA VALLEY HOSPITAL INC,General Acute Care Hospital,na,na,na,"[{'code': '282N00000X', 'desc': 'General Acute Care Hospital', 'primary': True, 'state': 'CA', 'license': '550002434'}]",31700 TEMECULA PKWY,TEMECULA,CA,925925896.0
107,107,1801821376,2,,,1.0,50.0,"JOHN MUIR HEALTH MEDICAL CENTER, CONCORD CAMPUS",2540 EAST ST CONCORD CA 945201906,1801821376,1963.0,NPI-2,JOHN MUIR HEALTH,JOHN MUIR HEALTH,General Acute Care Hospital,na,na,na,"[{'code': '282N00000X', 'desc': 'General Acute Care Hospital', 'primary': True, 'state': 'CA', 'license': '140000128'}]",2540 EAST ST,CONCORD,CA,945201906.0
108,108,1366686248,2,,,,,SUTTER SOLANO MEDICAL CENTER,300 HOSPITAL DRIVE VALLEJO CA 945892574,1366686248,1961.0,NPI-2,SUTTER VALLEY HOSPITALS,SUTTER VALLEY HOSPITALS,General Acute Care Hospital,na,na,na,"[{'code': '282N00000X', 'desc': 'General Acute Care Hospital', 'primary': True, 'state': 'CA', 'license': '110000082'}]",300 HOSPITAL DRIVE,VALLEJO,CA,945892574.0
109,109,1265468946,2,,,,,ALVARADO HOSPITAL,6655 ALVARADO RD SAN DIEGO CA 921205208,1265468946,2069.0,NPI-2,"ALVARADO HOSPITAL, LLC","ALVARADO HOSPITAL, LLC",Pharmacy,General Acute Care Hospital,na,na,"[{'code': '333600000X', 'desc': 'Pharmacy', 'primary': False, 'state': 'CA', 'license': 'HSP48400'}, {'code': '282N00000X', 'desc': 'General Acute Care Hospital', 'primary': True, 'state': 'CA', 'license': '090000013'}]",6655 ALVARADO RD,SAN DIEGO,CA,921205208.0
110,110,1952312043,1,,,,,CHILDREN'S HOSPITAL CENTRAL CALIFORNIA,9300 VALLEY CHILDRENS PL MADERA CA 936368762,1952312043,2107.0,NPI-2,VALLEY CHILDREN'S HOSPITAL,VALLEY CHILDREN'S HOSPITAL,General Acute Care Hospital Children,na,na,na,"[{'code': '282NC2000X', 'desc': 'General Acute Care Hospital Children', 'primary': True, 'state': 'CA', 'license': '040000160'}]",9300 VALLEY CHILDRENS PL,MADERA,CA,936368762.0
111,111,1033107214,1,,,,,PUBLIC HOSPITAL DISTRICT 2 OF SNOHOMISH COUNTY,21601 76TH AVE W EDMONDS WA 980267507,1033107214,2112.0,NPI-2,SWEDISH EDMONDS,SWEDISH EDMONDS,Psychiatric Unit,General Acute Care Hospital,na,na,"[{'code': '273R00000X', 'desc': 'Psychiatric Unit', 'primary': False, 'state': 'WA', 'license': 'HAC.FS.60183546'}, {'code': '282N00000X', 'desc': 'General Acute Care Hospital', 'primary': True, 'state': 'WA', 'license': 'HAC.FS.60183546'}]",21601 76TH AVE W,EDMONDS,WA,980267507.0
112,112,1730171265,1,,,,,GARFIELD MEDICAL CENTER,525 N GARFIELD AVE MONTEREY PARK CA 917541202,1730171265,2026.0,NPI-2,AHMC GARFIELD MEDICAL CENTER LP,AHMC GARFIELD MEDICAL CENTER LP,General Acute Care Hospital,na,na,na,"[{'code': '282N00000X', 'desc': 'General Acute Care Hospital', 'primary': True, 'state': 'CA', 'license': ''}]",525 N GARFIELD AVE,MONTEREY PARK,CA,917541202.0
113,113,1376641969,1,,,,,THE REGENTS OF THE UNIVERSITY OF CALIFORNIA,200 WEST ARBOR DRIVE SAN DIEGO CA 921038937,1376641969,2082.0,NPI-2,UCSD MEDICAL CENTER,UCSD MEDICAL CENTER,Psychiatric Hospital,Psychiatric Unit,na,na,"[{'code': '283Q00000X', 'desc': 'Psychiatric Hospital', 'primary': False, 'state': 'CA', 'license': '090000101'}, {'code': '273R00000X', 'desc': 'Psychiatric Unit', 'primary': True, 'state': 'CA', 'license': '090000101'}]",200 WEST ARBOR DRIVE,SAN DIEGO,CA,921038937.0
114,114,1083648810,1,,,,,ZUCKERBERG SAN FRANCISCO GENERAL HOSPITAL AND TRAUMA CENTER- ACUTE,1001 POTRERO AVE SAN FRANCISCO CA 941103518,1083648810,2092.0,NPI-2,CITY & COUNTY OF SAN FRANCISCO,CITY & COUNTY OF SAN FRANCISCO,General Acute Care Hospital,Psychiatric Hospital,na,na,"[{'code': '282N00000X', 'desc': 'General Acute Care Hospital', 'primary': True, 'state': 'CA', 'license': '220000063'}, {'code': '283Q00000X', 'desc': 'Psychiatric Hospital', 'primary': False, 'state': 'CA', 'license': '220000063'}]",1001 POTRERO AVE,SAN FRANCISCO,CA,941103518.0
115,115,1477610640,1,,,,,GLENDALE MEMORIAL HOSPITAL AND HEALTH CENTER,1420 S CENTRAL AVE GLENDALE CA 912042508,1477610640,1972.0,NPI-2,DIGNITY COMMUNITY CARE,DIGNITY COMMUNITY CARE,Psychiatric Unit,Rehabilitation Unit,General Acute Care Hospital,Skilled Nursing Facility,"[{'code': '273R00000X', 'desc': 'Psychiatric Unit', 'primary': False, 'state': 'CA', 'license': '930000099'}, {'code': '273Y00000X', 'desc': 'Rehabilitation Unit', 'primary': False, 'state': 'CA', 'license': '930000099'}, {'code': '282N00000X', 'desc': 'General Acute Care Hospital', 'primary': True, 'state': 'CA', 'license': '930000099'}, {'code': '314000000X', 'desc': 'Skilled Nursing Facility', 'primary': False, 'state': 'CA', 'license': '930000099'}]",1420 S CENTRAL AVE,GLENDALE,CA,912042508.0
116,116,1114025491,1,,,,,UTAH VALLEY HOSPITAL,1034 N 500 W PROVO UT 846043380,1114025491,2080.0,NPI-2,IHC HEALTH SERVICES INC,IHC HEALTH SERVICES INC,Psychiatric Unit,Rehabilitation Unit,Skilled Nursing Facility,General Acute Care Hospital,"[{'code': '273R00000X', 'desc': 'Psychiatric Unit', 'primary': False, 'state': '', 'license': ''}, {'code': '273Y00000X', 'desc': 'Rehabilitation Unit', 'primary': False, 'state': '', 'license': ''}, {'code': '314000000X', 'desc': 'Skilled Nursing Facility', 'primary': False, 'state': '', 'license': ''}, {'code': '282N00000X', 'desc': 'General Acute Care Hospital', 'primary': True, 'state': 'UT', 'license': '2006-HOSP-210'}]",1034 N 500 W,PROVO,UT,846043380.0
117,117,1104842020,1,,,,,OUTPATIENT PHARMACY - UC IRVINE HEALTH,101 THE CITY DR S ORANGE CA 928683201,1104842020,2007.0,NPI-2,UNIVERSITY OF CALIFORNIA IRVINE,UNIVERSITY OF CALIFORNIA IRVINE,Pharmacy,Pharmacy Specialty Pharmacy,na,na,"[{'code': '333600000X', 'desc': 'Pharmacy', 'primary': False, 'state': '', 'license': ''}, {'code': '3336S0011X', 'desc': 'Pharmacy Specialty Pharmacy', 'primary': True, 'state': 'CA', 'license': 'PHE55487'}]",101 THE CITY DR S,ORANGE,CA,928683201.0
118,118,1326370636,1,,,1.0,100.0,SAINT ALPHONSUS MEDICAL GROUP IOWA,211 W IOWA AVE NAMPA ID 836862834,1326370636,2027.0,NPI-2,SAINT ALPHONSUS REGIONAL MEDICAL CENTER INC,SAINT ALPHONSUS REGIONAL MEDICAL CENTER INC,Clinic/Center Rural Health,na,na,na,"[{'code': '261QR1300X', 'desc': 'Clinic/Center Rural Health', 'primary': True, 'state': '', 'license': ''}]",211 W IOWA AVE,NAMPA,ID,836862834.0
119,119,1932200441,1,,,,,unavailable,,1932200441,2050.0,NPI-2,SETON MEDICAL CENTER,SETON MEDICAL CENTER,General Acute Care Hospital,na,na,na,"[{'code': '282N00000X', 'desc': 'General Acute Care Hospital', 'primary': True, 'state': 'CA', 'license': '220000026'}]",1900 SULLIVAN AVE,DALY CITY,CA,940152200.0
120,120,1942267869,1,,,,,unavailable,,1942267869,2046.0,NPI-2,MARIN GENERAL HOSPITAL,MARIN GENERAL HOSPITAL,Psychiatric Unit,na,na,na,"[{'code': '273R00000X', 'desc': 'Psychiatric Unit', 'primary': True, 'state': 'CA', 'license': ''}]",250 BON AIR RD,GREENBRAE,CA,949041702.0
121,121,1659538858,1,,,1.0,100.0,GARDEN GROVE HOSPITAL & MEDICAL CENTER,12601 GARDEN GROVE BLVD GARDEN GROVE CA 928431908,1659538858,2004.0,NPI-2,PRIME HEALTHCARE SERVICES - GARDEN GROVE LLC,PRIME HEALTHCARE SERVICES - GARDEN GROVE LLC,General Acute Care Hospital,na,na,na,"[{'code': '282N00000X', 'desc': 'General Acute Care Hospital', 'primary': True, 'state': '', 'license': ''}]",12601 GARDEN GROVE BLVD,GARDEN GROVE,CA,928431908.0
122,122,1821007881,1,,,,,unavailable,,1821007881,2103.0,NPI-2,UPMC PRESBYTERIAN SHADYSIDE,UPMC PRESBYTERIAN SHADYSIDE,Clinic/Center,Clinic/Center Mental Health (Including Community Mental Health Center),Clinic/Center Radiology,Clinic/Center Oncology,"[{'code': '261Q00000X', 'desc': 'Clinic/Center', 'primary': False, 'state': '', 'license': ''}, {'code': '261QM0801X', 'desc': 'Clinic/Center Mental Health (Including Community Mental Health Center)', 'primary': False, 'state': '', 'license': ''}, {'code': '261QR0200X', 'desc': 'Clinic/Center Radiology', 'primary': False, 'state': '', 'license': ''}, {'code': '261QX0200X', 'desc': 'Clinic/Center Oncology', 'primary': False, 'state': '', 'license': ''}, {'code': '282N00000X', 'desc': 'General Acute Care Hospital', 'primary': True, 'state': '', 'license': ''}]",200 LOTHROP ST,PITTSBURGH,PA,152132536.0
123,123,1831103654,1,,,,,unavailable,,1831103654,2062.0,NPI-2,INTEGRIS BAPTIST MEDICAL CENTER INC,INTEGRIS BAPTIST MEDICAL CENTER INC,General Acute Care Hospital,na,na,na,"[{'code': '282N00000X', 'desc': 'General Acute Care Hospital', 'primary': True, 'state': 'OK', 'license': '2297'}]",3300 NW EXPRESSWAY ST,OKLAHOMA CITY,OK,731124481.0
124,124,1477584993,1,,,1.0,100.0,JOHN F. KENNEDY MEMORIAL HOSPITAL,47-111 MONROE STREET INDIO CA 92201,1477584993,2090.0,NPI-2,"JFK MEMORIAL HOSPITAL, INC.","JFK MEMORIAL HOSPITAL, INC.",General Acute Care Hospital,na,na,na,"[{'code': '282N00000X', 'desc': 'General Acute Care Hospital', 'primary': True, 'state': 'CA', 'license': '25-50000155'}]",47-111 MONROE STREET,INDIO,CA,92201.0
125,125,1992752315,1,,,,,MISSION HOSPITAL,27700 MEDICAL CENTER RD MISSION VIEJO CA 926916426,1992752315,2070.0,NPI-2,MISSION HOSPITAL REGIONAL MEDICAL CENTER,MISSION HOSPITAL REGIONAL MEDICAL CENTER,General Acute Care Hospital,na,na,na,"[{'code': '282N00000X', 'desc': 'General Acute Care Hospital', 'primary': True, 'state': '', 'license': '060000146'}]",27700 MEDICAL CENTER RD,MISSION VIEJO,CA,926916426.0
126,126,1508856535,1,1.0,100.0,,,PALMDALE REGIONAL MEDICAL CENTER,38600 MEDICAL CENTER DR PALMDALE CA 935514483,1508856535,1929.0,NPI-2,LANCASTER HOSPITAL CORPORATION,LANCASTER HOSPITAL CORPORATION,General Acute Care Hospital,na,na,na,"[{'code': '282N00000X', 'desc': 'General Acute Care Hospital', 'primary': True, 'state': 'CA', 'license': '930000085'}]",38600 MEDICAL CENTER DR,PALMDALE,CA,935514483.0
127,127,1780614685,1,,,,,WASHINGTON HOSPITAL,2000 MOWRY AVE FREMONT CA 945381716,1780614685,2054.0,NPI-2,WASHINGTON TOWNSHIP HOSPITAL DISTRICT,WASHINGTON TOWNSHIP HOSPITAL DISTRICT,General Acute Care Hospital,na,na,na,"[{'code': '282N00000X', 'desc': 'General Acute Care Hospital', 'primary': True, 'state': 'CA', 'license': '140000116'}]",2000 MOWRY AVE,FREMONT,CA,945381716.0
128,128,1063441293,1,,,,,CITRUS VALLEY MEDICAL CENTER QUEEN OF THE VALLEY CAMPUS,1115 S SUNSET AVE WEST COVINA CA 917903940,1063441293,2110.0,NPI-2,EMANATE HEALTH MEDICAL CENTER,EMANATE HEALTH MEDICAL CENTER,General Acute Care Hospital,na,na,na,"[{'code': '282N00000X', 'desc': 'General Acute Care Hospital', 'primary': True, 'state': '', 'license': ''}]",1115 S SUNSET AVE,WEST COVINA,CA,917903940.0
129,129,1477531580,1,,,,,unavailable,,1477531580,2094.0,NPI-2,UNIVERSITY OF COLORADO HOSPITAL AUTHORITY,UNIVERSITY OF COLORADO HOSPITAL AUTHORITY,General Acute Care Hospital,na,na,na,"[{'code': '282N00000X', 'desc': 'General Acute Care Hospital', 'primary': True, 'state': 'CO', 'license': '1161'}]",12605 E 16TH AVE,AURORA,CO,800457019.0
130,130,1003878539,1,,,,,UNIVERSITY OF MICHIGAN HEALTH SYSTEM,1500 E MEDICAL CENTER DR ANN ARBOR MI 481095000,1003878539,1964.0,NPI-2,REGENTS OF THE UNIVERSITY OF MICHIGAN,REGENTS OF THE UNIVERSITY OF MICHIGAN,Clinic/Center End-Stage Renal Disease (ESRD) Treatment,General Acute Care Hospital,General Acute Care Hospital Children,General Acute Care Hospital Women,"[{'code': '261QE0700X', 'desc': 'Clinic/Center End-Stage Renal Disease (ESRD) Treatment', 'primary': False, 'state': 'MI', 'license': '810060'}, {'code': '282N00000X', 'desc': 'General Acute Care Hospital', 'primary': True, 'state': 'MI', 'license': '810060'}, {'code': '282NC2000X', 'desc': 'General Acute Care Hospital Children', 'primary': False, 'state': 'MI', 'license': '810060'}, {'code': '282NW0100X', 'desc': 'General Acute Care Hospital Women', 'primary': False, 'state': 'MI', 'license': '810060'}, {'code': '341600000X', 'desc': 'Ambulance', 'primary': False, 'state': '', 'license': ''}, {'code': '3416A0800X', 'desc': 'Ambulance Air Transport', 'primary': False, 'state': '', 'license': ''}]",1500 E MEDICAL CENTER DR,ANN ARBOR,MI,481095000.0
131,131,EI26439240,1,,,,,unavailable,,EI26439240,,,,,,,,,,,,,
132,132,1194706655,1,,,,,unavailable,,1194706655,2042.0,NPI-2,YUMA REGIONAL MEDICAL CENTER,YUMA REGIONAL MEDICAL CENTER,General Acute Care Hospital,na,na,na,"[{'code': '282N00000X', 'desc': 'General Acute Care Hospital', 'primary': True, 'state': 'AZ', 'license': 'H0097'}]",2400 S AVE A,YUMA,AZ,853647127.0
133,133,1972709970,1,,,1.0,100.0,THE HOSPITALS OF PROVIDENCE EAST CAMPUS,3280 JOE BATTLE BLVD EL PASO TX 799382622,1972709970,2009.0,NPI-2,TENET HOSPITALS LIMITED,TENET HOSPITALS LIMITED,General Acute Care Hospital,na,na,na,"[{'code': '282N00000X', 'desc': 'General Acute Care Hospital', 'primary': True, 'state': '', 'license': ''}]",3280 JOE BATTLE BLVD,EL PASO,TX,799382622.0
134,134,1528138088,1,,,1.0,100.0,KAISER FOUNDATION HOSPITAL SOUTH SACRAMENTO,6600 BRUCEVILLE RD SACRAMENTO CA 958234671,1528138088,2072.0,NPI-2,KAISER FOUNDATION HOSPITALS,KAISER FOUNDATION HOSPITALS,General Acute Care Hospital,na,na,na,"[{'code': '282N00000X', 'desc': 'General Acute Care Hospital', 'primary': True, 'state': 'CA', 'license': '030000228'}]",6600 BRUCEVILLE RD,SACRAMENTO,CA,958234671.0
135,135,1275720377,1,,,,,"AHMC SAN GABREIL VALLEY MEDICAL CENTER, LP",438 W LAS TUNAS DR SAN GABRIEL CA 917761216,1275720377,2079.0,NPI-2,AHMC SAN GABRIEL VALLEY MEDICAL,AHMC SAN GABRIEL VALLEY MEDICAL,General Acute Care Hospital,na,na,na,"[{'code': '282N00000X', 'desc': 'General Acute Care Hospital', 'primary': True, 'state': 'CA', 'license': '930000041'}]",438 W LAS TUNAS DR,SAN GABRIEL,CA,917761216.0
136,136,1710116116,1,,,,,KAISER FOUNDATION HOSPITAL VACAVILLE,1 QUALITY DR VACAVILLE CA 956889494,1710116116,2083.0,NPI-2,KAISER FOUNDATION HOSPITALS,KAISER FOUNDATION HOSPITALS,General Acute Care Hospital,na,na,na,"[{'code': '282N00000X', 'desc': 'General Acute Care Hospital', 'primary': True, 'state': 'CA', 'license': '550001207'}]",1 QUALITY DR,VACAVILLE,CA,956889494.0
137,137,1740279959,1,,,,,ALTA BATES SUMMIT MED CENTER - SUMMIT CAMPUS,350 HAWTHORNE AVE OAKLAND CA 946093108,1740279959,1985.0,NPI-2,SUTTER EAST BAY HOSPITALS,SUTTER EAST BAY HOSPITALS,Clinical Medical Laboratory,General Acute Care Hospital,na,na,"[{'code': '291U00000X', 'desc': 'Clinical Medical Laboratory', 'primary': False, 'state': 'CA', 'license': '140000284'}, {'code': '282N00000X', 'desc': 'General Acute Care Hospital', 'primary': True, 'state': 'CA', 'license': '140000284'}]",350 HAWTHORNE AVE,OAKLAND,CA,946093108.0
138,138,1104981661,1,,,,,MERCY HOSPITAL,2215 TRUXTUN AVE BAKERSFIELD CA 933013602,1104981661,2089.0,NPI-2,DIGNITY HEALTH,DIGNITY HEALTH,Skilled Nursing Facility,General Acute Care Hospital,na,na,"[{'code': '314000000X', 'desc': 'Skilled Nursing Facility', 'primary': False, 'state': 'CA', 'license': '120000184'}, {'code': '282N00000X', 'desc': 'General Acute Care Hospital', 'primary': True, 'state': 'CA', 'license': '120000184'}]",2215 TRUXTUN AVE,BAKERSFIELD,CA,933013602.0
139,139,1831529049,1,,,,,ALAMEDA HOSPITAL,2070 CLINTON AVE ALAMEDA CA 945014399,1831529049,2021.0,NPI-2,ALAMEDA HEALTH SYSTEM,ALAMEDA HEALTH SYSTEM,General Acute Care Hospital,na,na,na,"[{'code': '282N00000X', 'desc': 'General Acute Care Hospital', 'primary': True, 'state': 'CA', 'license': '140000002'}]",2070 CLINTON AVE,ALAMEDA,CA,945014399.0
140,140,1275591984,1,1.0,100.0,,,TUALITY COMMUNITY HOSPITAL,335 SE 8TH AVE HILLSBORO OR 971234246,1275591984,2033.0,NPI-2,TUALITY HEALTHCARE,TUALITY HEALTHCARE,Psychiatric Hospital,General Acute Care Hospital,na,na,"[{'code': '283Q00000X', 'desc': 'Psychiatric Hospital', 'primary': False, 'state': 'OR', 'license': '14   0095'}, {'code': '282N00000X', 'desc': 'General Acute Care Hospital', 'primary': True, 'state': 'OR', 'license': '14 0095'}]",335 SE 8TH AVE,HILLSBORO,OR,971234246.0
141,141,1023049236,1,,,1.0,100.0,unavailable,,1023049236,2104.0,NPI-2,THE GENERAL HOSPITAL CORPORATION,THE GENERAL HOSPITAL CORPORATION,General Acute Care Hospital,na,na,na,"[{'code': '282N00000X', 'desc': 'General Acute Care Hospital', 'primary': True, 'state': '', 'license': ''}]",55 FRUIT ST,BOSTON,MA,21142621.0
142,142,1467536276,1,,,,,unavailable,,1467536276,2074.0,NPI-2,SEATTLE CHILDREN'S HOSPITAL,SEATTLE CHILDREN'S HOSPITAL,Specialist,Prosthetic/Orthotic Supplier,General Acute Care Hospital Children,na,"[{'code': '174400000X', 'desc': 'Specialist', 'primary': False, 'state': 'WA', 'license': 'H-014', 'taxonomy_group': '193200000X MULTI-SPECIALTY GROUP'}, {'code': '335E00000X', 'desc': 'Prosthetic/Orthotic Supplier', 'primary': False, 'state': 'WA', 'license': 'H-014'}, {'code': '282NC2000X', 'desc': 'General Acute Care Hospital Children', 'primary': True, 'state': 'WA', 'license': 'H-014'}]",4800 SAND POINT WAY NE,SEATTLE,WA,981053901.0
143,143,1558410217,1,,,,,ARROWHEAD REGIONAL MEDICAL CENTER,400 N PEPPER AVE COLTON CA 923241801,1558410217,2096.0,NPI-2,COUNTY OF SAN BERNARDINO,COUNTY OF SAN BERNARDINO,General Acute Care Hospital,na,na,na,"[{'code': '282N00000X', 'desc': 'General Acute Care Hospital', 'primary': True, 'state': 'CA', 'license': '240000197'}]",400 N PEPPER AVE,COLTON,CA,923241801.0
144,144,1104856095,1,,,,,DESERT REGIONAL MEDICAL CENTER,1150 N INDIAN CANYON DR PALM SPRINGS CA 922624872,1104856095,2099.0,NPI-2,"DESERT REGIONAL MEDICAL CENTER, INC.","DESERT REGIONAL MEDICAL CENTER, INC.",General Acute Care Hospital,na,na,na,"[{'code': '282N00000X', 'desc': 'General Acute Care Hospital', 'primary': True, 'state': 'CA', 'license': '05-0243'}]",1150 N INDIAN CANYON DR,PALM SPRINGS,CA,922624872.0
145,145,1598744856,1,,,1.0,100.0,BAPTIST MEDICAL CENTER,111 DALLAS ST SAN ANTONIO TX 782051201,1598744856,2100.0,NPI-2,VHS SAN ANTONIO PARTNERS LLC,VHS SAN ANTONIO PARTNERS LLC,Ambulance Air Transport,General Acute Care Hospital,na,na,"[{'code': '3416A0800X', 'desc': 'Ambulance Air Transport', 'primary': False, 'state': '', 'license': ''}, {'code': '282N00000X', 'desc': 'General Acute Care Hospital', 'primary': True, 'state': 'TX', 'license': '000114'}]",111 DALLAS ST,SAN ANTONIO,TX,782051201.0
146,146,1386741635,1,,,,,unavailable,,1386741635,1910.0,NPI-2,"MERCY HOSPITAL ARDMORE, INC.","MERCY HOSPITAL ARDMORE, INC.",General Acute Care Hospital,na,na,na,"[{'code': '282N00000X', 'desc': 'General Acute Care Hospital', 'primary': True, 'state': 'OK', 'license': '2230'}]",1011 14TH AVE NW,ARDMORE,OK,734011828.0
147,147,1235172057,1,,,,,SEQUOIA HOSPITAL,170 ALAMEDA DE LAS PULGAS REDWOOD CITY CA 940622751,1235172057,1977.0,NPI-2,SEQUOIA HEALTH SERVICES,SEQUOIA HEALTH SERVICES,General Acute Care Hospital,na,na,na,"[{'code': '282N00000X', 'desc': 'General Acute Care Hospital', 'primary': True, 'state': 'CA', 'license': '220000045'}]",170 ALAMEDA DE LAS PULGAS,REDWOOD CITY,CA,940622751.0
148,148,1851496152,1,,,,,SSM HEALTH ST. CLARE HOSPITAL - FENTON,1015 BOWLES AVE FENTON MO 630262394,1851496152,1966.0,NPI-2,SSM HEALTH CARE ST. LOUIS,SSM HEALTH CARE ST. LOUIS,General Acute Care Hospital,na,na,na,"[{'code': '282N00000X', 'desc': 'General Acute Care Hospital', 'primary': True, 'state': 'MO', 'license': '456-6'}]",1015 BOWLES AVE,FENTON,MO,630262394.0
149,149,1447335146,1,,,,,KINDRED HOSPITAL - LOS ANGELES,5525 W SLAUSON AVE LOS ANGELES CA 90056,1447335146,2034.0,NPI-2,"THC - ORANGE COUNTY, LLC","THC - ORANGE COUNTY, LLC",Long Term Care Hospital,na,na,na,"[{'code': '282E00000X', 'desc': 'Long Term Care Hospital', 'primary': True, 'state': 'CA', 'license': '930000053'}]",5525 W SLAUSON AVE,LOS ANGELES,CA,90056.0
150,150,1790778488,1,,,,,WMC-A INC,1025 S ANAHEIM BLVD ANAHEIM CA 928055806,1790778488,1973.0,NPI-2,"ANAHEIM GLOBAL MEDICAL CENTER, INC","ANAHEIM GLOBAL MEDICAL CENTER, INC",General Acute Care Hospital,na,na,na,"[{'code': '282N00000X', 'desc': 'General Acute Care Hospital', 'primary': True, 'state': 'CA', 'license': '060000117'}]",1025 S ANAHEIM BLVD,ANAHEIM,CA,928055806.0
151,151,1831189638,1,,,,,SUMMERLIN HOSPITAL MEDICAL CENTER,657 TOWN CENTER DR LAS VEGAS NV 89144,1831189638,2111.0,NPI-2,SUMMERLIN HOSPITAL MEDICAL CENTER L L C,SUMMERLIN HOSPITAL MEDICAL CENTER L L C,General Acute Care Hospital,na,na,na,"[{'code': '282N00000X', 'desc': 'General Acute Care Hospital', 'primary': True, 'state': 'NV', 'license': '662HOS-21'}]",657 TOWN CENTER DR,LAS VEGAS,NV,89144.0
152,152,1679659585,1,,,,,PRESENCE SAINT JOSEPH HOSPITAL-CHICAGO,1127 N OAKLEY BLVD CHICAGO IL 606223507,1679659585,2064.0,NPI-2,PRESENCE CHICAGO HOSPITALS NETWORK,PRESENCE CHICAGO HOSPITALS NETWORK,General Acute Care Hospital,na,na,na,"[{'code': '282N00000X', 'desc': 'General Acute Care Hospital', 'primary': True, 'state': '', 'license': ''}]",1127 N OAKLEY BLVD,CHICAGO,IL,606223507.0
153,153,1194840421,1,1.0,100.0,,,ST. MARY MEDICAL CENTER,1050 LINDEN AVE LONG BEACH CA 908133321,1194840421,2075.0,NPI-2,DIGNITY HEALTH,DIGNITY HEALTH,Psychiatric Unit,Rehabilitation Unit,Skilled Nursing Facility,Clinic/Center Dental,"[{'code': '273R00000X', 'desc': 'Psychiatric Unit', 'primary': False, 'state': 'CA', 'license': '930000012'}, {'code': '273Y00000X', 'desc': 'Rehabilitation Unit', 'primary': False, 'state': 'CA', 'license': '930000012'}, {'code': '314000000X', 'desc': 'Skilled Nursing Facility', 'primary': False, 'state': 'CA', 'license': '930000012'}, {'code': '261QD0000X', 'desc': 'Clinic/Center Dental', 'primary': False, 'state': '', 'license': ''}, {'code': '282N00000X', 'desc': 'General Acute Care Hospital', 'primary': True, 'state': 'CA', 'license': '930000012'}]",1050 LINDEN AVE,LONG BEACH,CA,908133321.0
154,154,1205863255,1,,,,,NATIVIDAD MEDICAL CENTER,1441 CONSTITUTION BLVD SALINAS CA 939063100,1205863255,2003.0,NPI-2,COUNTY OF MONTEREY,COUNTY OF MONTEREY,General Acute Care Hospital,na,na,na,"[{'code': '282N00000X', 'desc': 'General Acute Care Hospital', 'primary': True, 'state': '', 'license': ''}]",1441 CONSTITUTION BLVD,SALINAS,CA,939063100.0
155,155,1942247291,1,,,,,PROVIDENCE LITTLE COMPANY OF MARY MEDICAL CENTER SAN PEDRO,1300 W 7TH ST SAN PEDRO CA 90732,1942247291,2077.0,NPI-2,PROVIDENCE HEALTH SYSTEM - SOUTHERN CALIFORNIA,PROVIDENCE HEALTH SYSTEM - SOUTHERN CALIFORNIA,General Acute Care Hospital,na,na,na,"[{'code': '282N00000X', 'desc': 'General Acute Care Hospital', 'primary': True, 'state': 'CA', 'license': '========='}]",1300 W 7TH ST,SAN PEDRO,CA,90732.0
156,156,1235104159,1,,,,,EAST LA PLAZA DIALYSIS,1700 E CESAR E CHAVEZ AVE LOS ANGELES CA 900332424,1235104159,2043.0,NPI-2,DVA HEALTHCARE RENAL CARE INC,DVA HEALTHCARE RENAL CARE INC,Clinic/Center End-Stage Renal Disease (ESRD) Treatment,na,na,na,"[{'code': '261QE0700X', 'desc': 'Clinic/Center End-Stage Renal Disease (ESRD) Treatment', 'primary': True, 'state': 'CA', 'license': '930000341'}]",1700 E CESAR E CHAVEZ AVE,LOS ANGELES,CA,900332424.0
157,157,1922033547,1,1.0,100.0,,,HOLLYWOOD PRESBYTERIAN MEDICAL CENTER,1300 NORTH VERMONT AVE LOS ANGELES CA 90027,1922033547,2095.0,NPI-2,"CHA HOLLYWOOD MEDICAL CENTER, LP","CHA HOLLYWOOD MEDICAL CENTER, LP",General Acute Care Hospital,General Acute Care Hospital,na,na,"[{'code': '282N00000X', 'desc': 'General Acute Care Hospital', 'primary': False, 'state': '', 'license': ''}, {'code': '282N00000X', 'desc': 'General Acute Care Hospital', 'primary': True, 'state': 'CA', 'license': '930000067'}]",1300 NORTH VERMONT AVE,LOS ANGELES,CA,90027.0
158,158,1619289998,1,,,,,DETROIT RECEIVING HOSPITAL,4201 SAINT ANTOINE ST DETROIT MI 482012153,1619289998,2057.0,NPI-2,VHS DETROIT RECEIVING HOSPITAL INC,VHS DETROIT RECEIVING HOSPITAL INC,General Acute Care Hospital,na,na,na,"[{'code': '282N00000X', 'desc': 'General Acute Care Hospital', 'primary': True, 'state': '', 'license': ''}]",4201 SAINT ANTOINE ST,DETROIT,MI,482012153.0
159,159,1356307581,1,,,1.0,100.0,THE NEBRASKA MEDICAL CENTER - NEBRASKA MEDICINE,987400 NEBRASKA MEDICAL CTR OMAHA NE 681987400,1356307581,2023.0,NPI-2,NEBRASKA MEDICAL CENTER,NEBRASKA MEDICAL CENTER,Emergency Medicine,Durable Medical Equipment & Medical Supplies,General Acute Care Hospital,na,"[{'code': '207P00000X', 'desc': 'Emergency Medicine', 'primary': False, 'state': 'NE', 'license': '', 'taxonomy_group': '193400000X SINGLE SPECIALTY  GROUP'}, {'code': '332B00000X', 'desc': 'Durable Medical Equipment & Medical Supplies', 'primary': False, 'state': 'NE', 'license': '========='}, {'code': '282N00000X', 'desc': 'General Acute Care Hospital', 'primary': True, 'state': 'NE', 'license': '260011'}]",987400 NEBRASKA MEDICAL CTR,OMAHA,NE,681987400.0
160,160,1669456299,1,1.0,100.0,,,PROVIDENCE ST. MARY MEDICAL CENTER,18300 HIGHWAY 18 APPLE VALLEY CA 92307,1669456299,2114.0,NPI-2,ST. MARY MEDICAL CENTER,ST. MARY MEDICAL CENTER,General Acute Care Hospital,na,na,na,"[{'code': '282N00000X', 'desc': 'General Acute Care Hospital', 'primary': True, 'state': 'CA', 'license': '240000207'}]",18300 HIGHWAY 18,APPLE VALLEY,CA,92307.0
161,161,1578587150,1,,,,,CHRISTUS ST. VINCENT REGIONAL MEDICAL CENTER,455 SAINT MICHAELS DR SANTA FE NM 875057601,1578587150,2017.0,NPI-2,ST VINCENT HOSPITAL,ST VINCENT HOSPITAL,General Acute Care Hospital,na,na,na,"[{'code': '282N00000X', 'desc': 'General Acute Care Hospital', 'primary': True, 'state': 'NM', 'license': '6296'}]",455 SAINT MICHAELS DR,SANTA FE,NM,875057601.0
162,162,1801152566,1,1.0,100.0,,,unavailable,,1801152566,2068.0,NPI-2,PRIME HEALTHCARE SERVICES RENO LLC,PRIME HEALTHCARE SERVICES RENO LLC,General Acute Care Hospital,na,na,na,"[{'code': '282N00000X', 'desc': 'General Acute Care Hospital', 'primary': True, 'state': 'NV', 'license': ''}]",235 W 6TH ST,RENO,NV,895034548.0
163,163,1154715845,1,,,,,USC VERDUGO HILLS HOSPITAL,1812 VERDUGO BLVD GLENDALE CA 912081409,1154715845,2098.0,NPI-2,UNIVERSITY OF SOUTHERN CALIFORNIA,UNIVERSITY OF SOUTHERN CALIFORNIA,General Acute Care Hospital,na,na,na,"[{'code': '282N00000X', 'desc': 'General Acute Care Hospital', 'primary': True, 'state': 'CA', 'license': '930000173'}]",1812 VERDUGO BLVD,GLENDALE,CA,912081409.0
164,164,1407813660,1,,,,,unavailable,,1407813660,2030.0,NPI-2,POMONA VALLEY HOSPITAL MEDICAL CENTER,POMONA VALLEY HOSPITAL MEDICAL CENTER,General Acute Care Hospital,na,na,na,"[{'code': '282N00000X', 'desc': 'General Acute Care Hospital', 'primary': True, 'state': '', 'license': ''}]",1798 N. GAREY AVE.,POMONA,CA,91767.0
165,165,1992898837,1,,,,,unavailable,,1992898837,2066.0,NPI-2,CHINESE HOSPITAL ASSOCIATION,CHINESE HOSPITAL ASSOCIATION,Internal Medicine Interventional Cardiology,Emergency Medicine,General Acute Care Hospital,na,"[{'code': '207RI0011X', 'desc': 'Internal Medicine Interventional Cardiology', 'primary': False, 'state': 'CA', 'license': '220000122', 'taxonomy_group': '193200000X MULTI-SPECIALTY GROUP'}, {'code': '207P00000X', 'desc': 'Emergency Medicine', 'primary': False, 'state': 'CA', 'license': '220000122', 'taxonomy_group': '193200000X MULTI-SPECIALTY GROUP'}, {'code': '282N00000X', 'desc': 'General Acute Care Hospital', 'primary': True, 'state': 'CA', 'license': '220000122'}]",845 JACKSON ST,SAN FRANCISCO,CA,941334851.0
166,166,1861439952,1,,,1.0,100.0,SUNRISE HOSPITAL AND MEDICAL CENTER,3186 S MARYLAND PKWY LAS VEGAS NV 891092317,1861439952,1976.0,NPI-2,"SUNRISE HOSPITAL AND MEDICAL CENTER, LLC","SUNRISE HOSPITAL AND MEDICAL CENTER, LLC",General Acute Care Hospital,na,na,na,"[{'code': '282N00000X', 'desc': 'General Acute Care Hospital', 'primary': True, 'state': '', 'license': ''}]",3186 S MARYLAND PKWY,LAS VEGAS,NV,891092317.0
167,167,1114081056,1,,,,,CALIFORNIA HOSPITAL MEDICAL CENTER - LOS ANGELES,1401 S GRAND AVE LOS ANGELES CA 900153010,1114081056,2097.0,NPI-2,DIGNITY COMMUNITY CARE,DIGNITY COMMUNITY CARE,Skilled Nursing Facility,General Acute Care Hospital,na,na,"[{'code': '314000000X', 'desc': 'Skilled Nursing Facility', 'primary': False, 'state': 'CA', 'license': '930000024'}, {'code': '282N00000X', 'desc': 'General Acute Care Hospital', 'primary': True, 'state': 'CA', 'license': '930000024'}]",1401 S GRAND AVE,LOS ANGELES,CA,900153010.0
168,168,1811129752,1,,,,,SUTTER DELTA MEDICAL CENTER,3901 LONE TREE WAY ANTIOCH CA 945096200,1811129752,2031.0,NPI-2,SUTTER EAST BAY HOSPITALS,SUTTER EAST BAY HOSPITALS,General Acute Care Hospital,na,na,na,"[{'code': '282N00000X', 'desc': 'General Acute Care Hospital', 'primary': True, 'state': 'CA', 'license': '140000258'}]",3901 LONE TREE WAY,ANTIOCH,CA,945096200.0
169,169,1477616571,1,,,,,unavailable,,1477616571,1932.0,NPI-2,LENOX HILL HOSPITAL,LENOX HILL HOSPITAL,Psychiatric Unit,General Acute Care Hospital,na,na,"[{'code': '273R00000X', 'desc': 'Psychiatric Unit', 'primary': False, 'state': 'NY', 'license': '700201H'}, {'code': '282N00000X', 'desc': 'General Acute Care Hospital', 'primary': True, 'state': 'NY', 'license': '700201H'}]",100 E 77TH ST,NEW YORK,NY,100751850.0
170,170,1548393127,1,1.0,100.0,,,UNIVERSITY MEDICAL CENTER,1800 W. CHARLESTON BLVD. LAS VEGAS NV 891022386,1548393127,1940.0,NPI-2,UNIVERSITY MEDICAL CENTER OF SOUTHERN NEVADA,UNIVERSITY MEDICAL CENTER OF SOUTHERN NEVADA,General Acute Care Hospital,General Acute Care Hospital,na,na,"[{'code': '282N00000X', 'desc': 'General Acute Care Hospital', 'primary': False, 'state': 'NV', 'license': ''}, {'code': '282N00000X', 'desc': 'General Acute Care Hospital', 'primary': True, 'state': 'NV', 'license': '666HOS'}]",1800 W. CHARLESTON BLVD.,LAS VEGAS,NV,891022386.0
171,171,1467560599,1,,,1.0,100.0,METHODIST HOSPITAL OF SACRAMENTO,7500 HOSPITAL DR SACRAMENTO CA 95823,1467560599,1970.0,NPI-2,DIGNITY COMMUNITY CARE,DIGNITY COMMUNITY CARE,General Acute Care Hospital,Skilled Nursing Facility,na,na,"[{'code': '282N00000X', 'desc': 'General Acute Care Hospital', 'primary': True, 'state': 'CA', 'license': '030000064'}, {'code': '314000000X', 'desc': 'Skilled Nursing Facility', 'primary': False, 'state': 'CA', 'license': '030000064'}]",7500 HOSPITAL DR,SACRAMENTO,CA,95823.0
172,172,1043263080,1,,,,,unavailable,,1043263080,2058.0,NPI-2,KAPIOLANI MEDICAL CENTER FOR WOMEN & CHILDREN,KAPIOLANI MEDICAL CENTER FOR WOMEN & CHILDREN,General Acute Care Hospital Women,General Acute Care Hospital Children,na,na,"[{'code': '282NW0100X', 'desc': 'General Acute Care Hospital Women', 'primary': False, 'state': 'HI', 'license': '6-H'}, {'code': '282NC2000X', 'desc': 'General Acute Care Hospital Children', 'primary': True, 'state': 'HI', 'license': '6-H'}]",1319 PUNAHOU ST,HONOLULU,HI,968261001.0
173,173,1619922077,1,,,,,LOWER KEYS MEDICAL CENTER,5900 COLLEGE RD KEY WEST FL 330404342,1619922077,2055.0,NPI-2,KEY WEST HMA LLC,KEY WEST HMA LLC,General Acute Care Hospital,na,na,na,"[{'code': '282N00000X', 'desc': 'General Acute Care Hospital', 'primary': True, 'state': 'FL', 'license': '4302'}]",5900 COLLEGE RD,KEY WEST,FL,330404342.0
174,174,1255429338,1,,,,,PROVIDENCE HOOD RIVER MEMORIAL HOSPITAL,810 12TH ST HOOD RIVER OR 970311587,1255429338,2045.0,NPI-2,PROVIDENCE HEALTH & SERVICES - OREGON,PROVIDENCE HEALTH & SERVICES - OREGON,General Acute Care Hospital Critical Access,na,na,na,"[{'code': '282NC0060X', 'desc': 'General Acute Care Hospital Critical Access', 'primary': True, 'state': '', 'license': ''}]",810 12TH ST,HOOD RIVER,OR,970311587.0
175,175,1003980350,1,,,,,RAI-TELEGRAPH-PERALTA,2757 TELEGRAPH AVE OAKLAND CA 946121733,1003980350,2071.0,NPI-2,"RAI CARE CENTERS OF NORTHERN CALIFORNIA II, LLC","RAI CARE CENTERS OF NORTHERN CALIFORNIA II, LLC",Clinic/Center End-Stage Renal Disease (ESRD) Treatment,na,na,na,"[{'code': '261QE0700X', 'desc': 'Clinic/Center End-Stage Renal Disease (ESRD) Treatment', 'primary': True, 'state': '', 'license': ''}]",2757 TELEGRAPH AVE,OAKLAND,CA,946121733.0
176,176,1528169125,1,,,,,HONORHEALTH DEER VALLEY MEDICAL CENTER,19829 N 27TH AVE PHOENIX AZ 850274001,1528169125,2113.0,NPI-2,HONORHEALTH,HONORHEALTH,General Acute Care Hospital,na,na,na,"[{'code': '282N00000X', 'desc': 'General Acute Care Hospital', 'primary': True, 'state': 'AZ', 'license': 'H0167'}]",19829 N 27TH AVE,PHOENIX,AZ,850274001.0
177,177,1316938301,1,1.0,100.0,1.0,100.0,LODI MEMORIAL HOSPITAL,975 S FAIRMONT AVE LODI CA 952405118,1316938301,2024.0,NPI-2,LODI MEMORIAL HOSPITAL ASSOCIATION INC,LODI MEMORIAL HOSPITAL ASSOCIATION INC,General Acute Care Hospital,na,na,na,"[{'code': '282N00000X', 'desc': 'General Acute Care Hospital', 'primary': True, 'state': 'CA', 'license': '030000056'}]",975 S FAIRMONT AVE,LODI,CA,952405118.0
178,178,EI03040542,1,,,,,unavailable,,EI03040542,,,,,,,,,,,,,
179,179,1689984668,1,,,,,KINDRED HOSPITAL BALDWIN PARK,14148 FRANCISQUITO AVE BALDWIN PARK CA 917066120,1689984668,2076.0,NPI-2,"KND DEVELOPMENT 52, L.L.C.","KND DEVELOPMENT 52, L.L.C.",Long Term Care Hospital,na,na,na,"[{'code': '282E00000X', 'desc': 'Long Term Care Hospital', 'primary': True, 'state': '', 'license': ''}]",14148 FRANCISQUITO AVE,BALDWIN PARK,CA,917066120.0
180,180,1780757856,1,,,,,unavailable,,1780757856,1935.0,NPI-2,HILO MEDICAL CENTER,HILO MEDICAL CENTER,General Acute Care Hospital,na,na,na,"[{'code': '282N00000X', 'desc': 'General Acute Care Hospital', 'primary': True, 'state': 'HI', 'license': 'OHCA# 34-H'}]",1190 WAIANUENUE AVE,HILO,HI,967202020.0
181,181,1851370910,1,1.0,100.0,,,HOSPITAL OF THE UNIVERSITY OF PENNSYLVANIA,3400 SPRUCE ST PHILADELPHIA PA 191044206,1851370910,2102.0,NPI-2,TRUSTEES OF THE UNIVERSITY OF PENNSYLVANIA,TRUSTEES OF THE UNIVERSITY OF PENNSYLVANIA,Community/Behavioral Health,Clinic/Center Ambulatory Fertility Facility,Psychiatric Unit,"Rehabilitation, Substance Use Disorder Unit","[{'code': '251S00000X', 'desc': 'Community/Behavioral Health', 'primary': False, 'state': '', 'license': ''}, {'code': '261QA0006X', 'desc': 'Clinic/Center Ambulatory Fertility Facility', 'primary': False, 'state': 'PA', 'license': ''}, {'code': '273R00000X', 'desc': 'Psychiatric Unit', 'primary': False, 'state': '', 'license': ''}, {'code': '276400000X', 'desc': 'Rehabilitation, Substance Use Disorder Unit', 'primary': False, 'state': '', 'license': ''}, {'code': '3416A0800X', 'desc': 'Ambulance Air Transport', 'primary': False, 'state': 'PA', 'license': ''}, {'code': '3416L0300X', 'desc': 'Ambulance Land Transport', 'primary': False, 'state': '', 'license': ''}, {'code': '282N00000X', 'desc': 'General Acute Care Hospital', 'primary': True, 'state': '', 'license': ''}]",3400 SPRUCE ST,PHILADELPHIA,PA,191044206.0
182,182,1184612764,1,1.0,100.0,,,unavailable,,1184612764,2105.0,NPI-2,THE QUEEN'S MEDICAL CENTER,THE QUEEN'S MEDICAL CENTER,Psychiatric Unit,Psychiatric Residential Treatment Facility,General Acute Care Hospital,na,"[{'code': '273R00000X', 'desc': 'Psychiatric Unit', 'primary': False, 'state': 'HI', 'license': ''}, {'code': '323P00000X', 'desc': 'Psychiatric Residential Treatment Facility', 'primary': False, 'state': 'HI', 'license': ''}, {'code': '282N00000X', 'desc': 'General Acute Care Hospital', 'primary': True, 'state': 'HI', 'license': '29-H'}]",1301 PUNCHBOWL ST,HONOLULU,HI,96813.0
183,183,1427181007,1,,,,,DOMINICAN HOSPITAL,1555 SOQUEL DR SANTA CRUZ CA 950651705,1427181007,1962.0,NPI-2,DIGNITY HEALTH,DIGNITY HEALTH,Skilled Nursing Facility,Rehabilitation Unit,General Acute Care Hospital,na,"[{'code': '314000000X', 'desc': 'Skilled Nursing Facility', 'primary': False, 'state': 'CA', 'license': '070000030'}, {'code': '273Y00000X', 'desc': 'Rehabilitation Unit', 'primary': False, 'state': 'CA', 'license': '070000030'}, {'code': '282N00000X', 'desc': 'General Acute Care Hospital', 'primary': True, 'state': 'CA', 'license': '070000030'}]",1555 SOQUEL DR,SANTA CRUZ,CA,950651705.0
184,184,1992737761,1,,,1.0,100.0,NEWTON WELLESLEY HOSPITAL,2014 WASHINGTON ST NEWTON MA 024621607,1992737761,2041.0,NPI-2,NEWTON-WELLESLEY HOSPITAL,NEWTON-WELLESLEY HOSPITAL,Family Medicine,Clinic/Center Multi-Specialty,Psychiatric Unit,General Acute Care Hospital,"[{'code': '207Q00000X', 'desc': 'Family Medicine', 'primary': False, 'state': '', 'license': '', 'taxonomy_group': '193400000X SINGLE SPECIALTY  GROUP'}, {'code': '261QM1300X', 'desc': 'Clinic/Center Multi-Specialty', 'primary': False, 'state': '', 'license': ''}, {'code': '273R00000X', 'desc': 'Psychiatric Unit', 'primary': False, 'state': '', 'license': ''}, {'code': '282N00000X', 'desc': 'General Acute Care Hospital', 'primary': True, 'state': 'MA', 'license': '2075'}]",2014 WASHINGTON ST,NEWTON,MA,24621607.0
185,185,1912982216,1,,,1.0,100.0,PROVIDENCE ST. JOSEPH HOSPITAL,1100 W STEWART DR ORANGE CA 928683849,1912982216,2086.0,NPI-2,ST JOSEPH HOSPITAL OF ORANGE,ST JOSEPH HOSPITAL OF ORANGE,General Acute Care Hospital,na,na,na,"[{'code': '282N00000X', 'desc': 'General Acute Care Hospital', 'primary': True, 'state': 'CA', 'license': '060000172'}]",1100 W STEWART DR,ORANGE,CA,928683849.0
186,186,1235148594,1,,,1.0,100.0,PRIMARY CHILDRENS HOSPITAL,100 MARIO CAPECCHI DR SALT LAKE CITY UT 841131103,1235148594,1990.0,NPI-2,IHC HEALTH SERVICES INC.,IHC HEALTH SERVICES INC.,Psychiatric Unit,Rehabilitation Unit,General Acute Care Hospital Children,"Residential Treatment Facility, Emotionally Disturbed Children","[{'code': '273R00000X', 'desc': 'Psychiatric Unit', 'primary': False, 'state': 'UT', 'license': '2010-HOSP-439'}, {'code': '273Y00000X', 'desc': 'Rehabilitation Unit', 'primary': False, 'state': '', 'license': ''}, {'code': '282NC2000X', 'desc': 'General Acute Care Hospital Children', 'primary': True, 'state': 'UT', 'license': '2006-HOSP-439'}, {'code': '322D00000X', 'desc': 'Residential Treatment Facility, Emotionally Disturbed Children', 'primary': False, 'state': 'UT', 'license': '2006-HOSP-439'}]",100 MARIO CAPECCHI DR,SALT LAKE CITY,UT,841131103.0
187,187,1548250582,1,,,,,NORTHERN NEVADA MEDICAL CENTER,2375 E PRATER WAY SPARKS NV 894349641,1548250582,2091.0,NPI-2,SPARKS FAMILY HOSPITAL INC,SPARKS FAMILY HOSPITAL INC,General Acute Care Hospital,na,na,na,"[{'code': '282N00000X', 'desc': 'General Acute Care Hospital', 'primary': True, 'state': 'NV', 'license': '653HOS-10'}]",2375 E PRATER WAY,SPARKS,NV,894349641.0
188,188,EI95472322,1,,,,,unavailable,,EI95472322,,,,,,,,,,,,,
189,189,1376698043,1,,,,,KAISER FOUNDATION HOSPITAL PANORAMA CITY,13652 CANTARA ST PANORAMA CITY CA 914025423,1376698043,2000.0,NPI-2,KAISER FOUNDATION HOSPITALS,KAISER FOUNDATION HOSPITALS,General Acute Care Hospital,na,na,na,"[{'code': '282N00000X', 'desc': 'General Acute Care Hospital', 'primary': True, 'state': 'CA', 'license': '930000080'}]",13652 CANTARA ST,PANORAMA CITY,CA,914025423.0
190,190,1588659528,1,,,,,unavailable,,1588659528,2020.0,NPI-2,RHODE ISLAND HOSPITAL,RHODE ISLAND HOSPITAL,General Acute Care Hospital,na,na,na,"[{'code': '282N00000X', 'desc': 'General Acute Care Hospital', 'primary': True, 'state': 'RI', 'license': 'HOS00121'}]",593 EDDY ST,PROVIDENCE,RI,29034923.0
191,191,1982629440,1,,,,,CITRUS VALLEY MEDICAL CENTER INTER-COMMUNITY CAMPUS,210 W SAN BERNARDINO RD COVINA CA 917231515,1982629440,2093.0,NPI-2,EMANATE HEALTH MEDICAL CENTER,EMANATE HEALTH MEDICAL CENTER,General Acute Care Hospital,na,na,na,"[{'code': '282N00000X', 'desc': 'General Acute Care Hospital', 'primary': True, 'state': '', 'license': ''}]",210 W SAN BERNARDINO RD,COVINA,CA,917231515.0
192,192,1013981554,1,,,,,unavailable,,1013981554,2036.0,NPI-2,EISENHOWER MEDICAL CENTER,EISENHOWER MEDICAL CENTER,General Acute Care Hospital,na,na,na,"[{'code': '282N00000X', 'desc': 'General Acute Care Hospital', 'primary': True, 'state': 'CA', 'license': '250000142'}]",39000 BOB HOPE DRIVE,RANCHO MIRAGE,CA,922708327.0
193,193,1538265780,1,1.0,100.0,,,TAHOE FOREST HOSPITAL,10121 PINE AVE TRUCKEE CA 961614835,1538265780,1928.0,NPI-2,TAHOE FOREST HOSPITAL DISTRICT,TAHOE FOREST HOSPITAL DISTRICT,General Acute Care Hospital Critical Access,na,na,na,"[{'code': '282NC0060X', 'desc': 'General Acute Care Hospital Critical Access', 'primary': True, 'state': 'CA', 'license': '230000151'}]",10121 PINE AVE,TRUCKEE,CA,961614835.0
194,194,1417965559,1,,,1.0,100.0,LA PALMA INTERCOMMUNITY HOSPITAL,7901 WALKER STREET LA PALMA CA 906231722,1417965559,1941.0,NPI-2,"PRIME HEALTHCARE LA PALMA, LLC","PRIME HEALTHCARE LA PALMA, LLC",General Acute Care Hospital,General Acute Care Hospital,na,na,"[{'code': '282N00000X', 'desc': 'General Acute Care Hospital', 'primary': False, 'state': '', 'license': ''}, {'code': '282N00000X', 'desc': 'General Acute Care Hospital', 'primary': True, 'state': 'CA', 'license': '060000136'}]",7901 WALKER STREET,LA PALMA,CA,906231722.0
195,195,1811099674,1,,,1.0,100.0,unavailable,,1811099674,2044.0,NPI-2,"ALHAMBRA HOSPITAL MEDICAL CENTER, LP","ALHAMBRA HOSPITAL MEDICAL CENTER, LP",General Acute Care Hospital,na,na,na,"[{'code': '282N00000X', 'desc': 'General Acute Care Hospital', 'primary': True, 'state': 'CA', 'license': '9500005'}]",100 S RAYMOND AVE,ALHAMBRA,CA,918013166.0
196,196,1598809667,1,,,,,unavailable,,1598809667,2028.0,NPI-2,REDLANDS COMMUNITY HOSPITAL,REDLANDS COMMUNITY HOSPITAL,General Acute Care Hospital,na,na,na,"[{'code': '282N00000X', 'desc': 'General Acute Care Hospital', 'primary': True, 'state': 'CA', 'license': '240000191'}]",350 TERRACINA BLVD,REDLANDS,CA,923734850.0
197,197,1336245828,1,,,,,unavailable,,1336245828,2051.0,NPI-2,CHILDREN'S HOSPITAL COLORADO,CHILDREN'S HOSPITAL COLORADO,"Day Training, Developmentally Disabled Services",Clinic/Center Dental,General Acute Care Hospital Children,na,"[{'code': '251C00000X', 'desc': 'Day Training, Developmentally Disabled Services', 'primary': False, 'state': '', 'license': ''}, {'code': '261QD0000X', 'desc': 'Clinic/Center Dental', 'primary': False, 'state': '', 'license': ''}, {'code': '282NC2000X', 'desc': 'General Acute Care Hospital Children', 'primary': True, 'state': '', 'license': ''}]",13123 E 16TH AVE,AURORA,CO,800457106.0
198,198,1972503142,1,,,,,unavailable,,1972503142,2101.0,NPI-2,MARSHALL MEDICAL CENTER,MARSHALL MEDICAL CENTER,General Acute Care Hospital,na,na,na,"[{'code': '282N00000X', 'desc': 'General Acute Care Hospital', 'primary': True, 'state': 'CA', 'license': '030000059'}]",1100 MARSHALL WAY,PLACERVILLE,CA,956676533.0
199,199,1487640207,1,,,,,THE GEORGE WASHINGTON UNIVERSITY HOSPITAL,901 23RD ST NW WASHINGTON DC 200372327,1487640207,2087.0,NPI-2,DISTRICT HOSPITAL PARTNERS L P,DISTRICT HOSPITAL PARTNERS L P,Nurse Practitioner Family,General Acute Care Hospital,na,na,"[{'code': '363LF0000X', 'desc': 'Nurse Practitioner Family', 'primary': False, 'state': '', 'license': '', 'taxonomy_group': '193200000X MULTI-SPECIALTY GROUP'}, {'code': '282N00000X', 'desc': 'General Acute Care Hospital', 'primary': True, 'state': 'DC', 'license': 'HFD01-0223'}]",901 23RD ST NW,WASHINGTON,DC,200372327.0
200,200,1033294723,1,,,,,KINDRED HOSPITAL - LA MIRADA,14900 IMPERIAL HWY LA MIRADA CA 90638,1033294723,2063.0,NPI-2,"SOUTHERN CALIFORNIA SPECIALTY CARE, LLC","SOUTHERN CALIFORNIA SPECIALTY CARE, LLC",Long Term Care Hospital,na,na,na,"[{'code': '282E00000X', 'desc': 'Long Term Care Hospital', 'primary': True, 'state': 'CA', 'license': '930000084'}]",14900 IMPERIAL HWY,LA MIRADA,CA,90638.0
201,201,1477554152,1,1.0,100.0,,,unavailable,,1477554152,2052.0,NPI-2,SANTA BARBARA COTTAGE HOSPITAL,SANTA BARBARA COTTAGE HOSPITAL,Rehabilitation Unit,General Acute Care Hospital,na,na,"[{'code': '273Y00000X', 'desc': 'Rehabilitation Unit', 'primary': False, 'state': 'CA', 'license': '050000140'}, {'code': '282N00000X', 'desc': 'General Acute Care Hospital', 'primary': True, 'state': '', 'license': ''}]",400 WEST PUEBLO,SANTA BARBARA,CA,93105.0
202,202,1366545311,1,,,,,SSM HEALTH ST. ANTHONY HOSPITAL - OKLAHOMA CITY,1000 N LEE AVE OKLAHOMA CITY OK 73102,1366545311,1909.0,NPI-2,"SSM HEALTH CARE OF OKLAHOMA, INC.","SSM HEALTH CARE OF OKLAHOMA, INC.",General Acute Care Hospital,na,na,na,"[{'code': '282N00000X', 'desc': 'General Acute Care Hospital', 'primary': True, 'state': 'OK', 'license': '2304'}]",1000 N LEE AVE,OKLAHOMA CITY,OK,73102.0
203,203,1760424261,1,1.0,100.0,,,KENTFIELD REHABILITATION & SPECIALTY HOSPITAL,1125 SIR FRANCIS DRAKE BLVD KENTFIELD CA 949041418,1760424261,2067.0,NPI-2,"1125 SIR FRANCIS DRAKE BOULEVARD OPERATING COMPANY, LLC","1125 SIR FRANCIS DRAKE BOULEVARD OPERATING COMPANY, LLC",Long Term Care Hospital,na,na,na,"[{'code': '282E00000X', 'desc': 'Long Term Care Hospital', 'primary': True, 'state': 'CA', 'license': '110000358'}]",1125 SIR FRANCIS DRAKE BLVD,KENTFIELD,CA,949041418.0
204,204,1215987532,1,,,,,unavailable,,1215987532,1915.0,NPI-2,HOSPICE BY THE BAY,HOSPICE BY THE BAY,"Hospice Care, Community Based",na,na,na,"[{'code': '251G00000X', 'desc': 'Hospice Care, Community Based', 'primary': True, 'state': 'CA', 'license': '220000202'}]",180 REDWOOD ST,SAN FRANCISCO,CA,941023280.0
205,205,1134274897,1,,,1.0,100.0,KAISER FOUNDATION HOSPITAL WEST LOS ANGELES,6041 CADILLAC AVE LOS ANGELES CA 900341702,1134274897,2014.0,NPI-2,KAISER FOUNDATION HOSPITALS,KAISER FOUNDATION HOSPITALS,General Acute Care Hospital,na,na,na,"[{'code': '282N00000X', 'desc': 'General Acute Care Hospital', 'primary': True, 'state': 'CA', 'license': '930000081'}]",6041 CADILLAC AVE,LOS ANGELES,CA,900341702.0
206,206,1275661829,1,1.0,100.0,,,LAC HARBOR UCLA MEDICAL CENTER,1000 W CARSON ST TORRANCE CA 905022004,1275661829,2059.0,NPI-2,COUNTY OF LOS ANGELES AUDITOR CONTROLLER,COUNTY OF LOS ANGELES AUDITOR CONTROLLER,General Acute Care Hospital,na,na,na,"[{'code': '282N00000X', 'desc': 'General Acute Care Hospital', 'primary': True, 'state': 'CA', 'license': '60000129'}]",1000 W CARSON ST,TORRANCE,CA,905022004.0
207,207,1962444059,1,,,1.0,100.0,MAMMOTH HOSPITAL,85 SIERRA PARK RD MAMMOTH LAKES CA 935462073,1962444059,2008.0,NPI-2,SOUTHERN MONO HEALTHCARE DISTRICT,SOUTHERN MONO HEALTHCARE DISTRICT,Clinic/Center Critical Access Hospital,na,na,na,"[{'code': '261QC0050X', 'desc': 'Clinic/Center Critical Access Hospital', 'primary': True, 'state': 'CA', 'license': '240000008'}]",85 SIERRA PARK RD,MAMMOTH LAKES,CA,935462073.0
208,208,1265820179,1,,,,,unavailable,,1265820179,1995.0,NPI-2,BANNER --UNIVERSITY MEDICAL CENTER TUCSON CAMPUS LLC,BANNER --UNIVERSITY MEDICAL CENTER TUCSON CAMPUS LLC,General Acute Care Hospital,na,na,na,"[{'code': '282N00000X', 'desc': 'General Acute Care Hospital', 'primary': True, 'state': '', 'license': ''}]",1625 N CAMPBELL AVE,TUCSON,AZ,857194330.0
209,209,1013062769,1,1.0,100.0,,,KAISER FOUNDATION HOSPITAL SAN DIEGO,9455 CLAIREMONT MESA BLVD SAN DIEGO CA 921231297,1013062769,2109.0,NPI-2,KAISER FOUNDATION HOSPITALS,KAISER FOUNDATION HOSPITALS,General Acute Care Hospital,na,na,na,"[{'code': '282N00000X', 'desc': 'General Acute Care Hospital', 'primary': True, 'state': 'CA', 'license': '080000062'}]",9455 CLAIREMONT MESA BLVD,SAN DIEGO,CA,921231297.0
210,210,1225199987,1,,,,,LAC HARBOR UCLA MEDICAL CENTER,1000 W CARSON ST TORRANCE CA 905022004,1225199987,1922.0,NPI-2,COUNTY OF LOS ANGELES AUDITOR CONTROLLER,COUNTY OF LOS ANGELES AUDITOR CONTROLLER,General Acute Care Hospital,na,na,na,"[{'code': '282N00000X', 'desc': 'General Acute Care Hospital', 'primary': True, 'state': 'CA', 'license': '60000129'}]",1000 W CARSON ST,TORRANCE,CA,905022004.0
211,211,1194749580,1,,,,,MCKAY DEE HOSPITAL,4401 HARRISON BLVD OGDEN UT 844033195,1194749580,2108.0,NPI-2,"IHC HEALTH SERVICES, INC.","IHC HEALTH SERVICES, INC.",Psychiatric Unit,Rehabilitation Unit,Skilled Nursing Facility,General Acute Care Hospital,"[{'code': '273R00000X', 'desc': 'Psychiatric Unit', 'primary': False, 'state': 'UT', 'license': '2006-HOSP-191'}, {'code': '273Y00000X', 'desc': 'Rehabilitation Unit', 'primary': False, 'state': 'UT', 'license': '2006-HOSP-191'}, {'code': '314000000X', 'desc': 'Skilled Nursing Facility', 'primary': False, 'state': 'UT', 'license': '2006-HOSP-191'}, {'code': '282N00000X', 'desc': 'General Acute Care Hospital', 'primary': True, 'state': 'UT', 'license': '2006-HOSP-191'}]",4401 HARRISON BLVD,OGDEN,UT,844033195.0
212,212,1457347239,1,,,,,CORONA REGIONAL MEDICAL CENTER,800 S MAIN ST CORONA CA 928823420,1457347239,2010.0,NPI-2,UHS CORONA INC,UHS CORONA INC,General Acute Care Hospital,na,na,na,"[{'code': '282N00000X', 'desc': 'General Acute Care Hospital', 'primary': True, 'state': 'CA', 'license': '250000126'}]",800 S MAIN ST,CORONA,CA,928823420.0
213,213,1942298153,1,,,,,ST. ROSE HOSPITAL,27200 CALAROGA AVENUE HAYWARD CA 945454339,1942298153,2088.0,NPI-2,HAYWARD SISTERS HOSPITAL,HAYWARD SISTERS HOSPITAL,Skilled Nursing Facility,General Acute Care Hospital,na,na,"[{'code': '314000000X', 'desc': 'Skilled Nursing Facility', 'primary': False, 'state': 'CA', 'license': '140000107'}, {'code': '282N00000X', 'desc': 'General Acute Care Hospital', 'primary': True, 'state': 'CA', 'license': '140000107'}]",27200 CALAROGA AVENUE,HAYWARD,CA,945454339.0
